{
	"textures": {
		"0": "minecraft:custom/spider/mutant_spider3"
	},
	"display": {
		"head": {
			"rotation": [0, 180, 0]
		}
	},
	"elements": [
		{
			"from": [1.53846, 2.46154, 8],
			"to": [14.46154, 14.46154, 23.69231],
			"rotation": {
				"angle": 0,
				"axis": "y",
				"origin": [8, -1.23077, 4.30769]
			},
			"faces": {
				"north": {
					"uv": [3.5, 4.25, 5.25, 5.875],
					"texture": "#0"
				},
				"east": {
					"uv": [3.5, 1, 5.5, 2.625],
					"texture": "#0"
				},
				"south": {
					"uv": [0, 4.625, 1.75, 6.25],
					"texture": "#0"
				},
				"west": {
					"uv": [3.5, 2.625, 5.625, 4.25],
					"texture": "#0"
				},
				"up": {
					"uv": [1.75, 4.625, 0, 2.5],
					"texture": "#0"
				},
				"down": {
					"uv": [3.5, 2.5, 1.75, 4.625],
					"texture": "#0"
				}
			}
		},
		{
			"from": [8, 5.23077, 23.69231],
			"to": [8, 11.69231, 32],
			"rotation": {
				"angle": -45,
				"axis": "z",
				"origin": [8, 8.46154, 23.69231]
			},
			"faces": {
				"north": {
					"uv": [0, 0, 0, 0.875],
					"texture": "#0"
				},
				"east": {
					"uv": [7.375, 4.875, 6.25, 5.75],
					"texture": "#0"
				},
				"south": {
					"uv": [0, 0, 0, 0.875],
					"texture": "#0"
				},
				"west": {
					"uv": [6.25, 4.875, 7.375, 5.75],
					"texture": "#0"
				},
				"up": {
					"uv": [0, 1.125, 0, 0],
					"texture": "#0"
				},
				"down": {
					"uv": [0, 0, 0, 1.125],
					"texture": "#0"
				}
			}
		},
		{
			"from": [4.76923, 8.46154, 23.69231],
			"to": [11.23077, 8.46154, 32],
			"rotation": {
				"angle": -45,
				"axis": "z",
				"origin": [8, 8.46154, 23.69231]
			},
			"faces": {
				"north": {
					"uv": [0, 0, 0.875, 0],
					"texture": "#0"
				},
				"east": {
					"uv": [0, 0, 1.125, 0],
					"texture": "#0"
				},
				"south": {
					"uv": [0, 0, 0.875, 0],
					"texture": "#0"
				},
				"west": {
					"uv": [0, 0, 1.125, 0],
					"texture": "#0"
				},
				"up": {
					"uv": [6.25, 4.875, 7.375, 5.75],
					"rotation": 90,
					"texture": "#0"
				},
				"down": {
					"uv": [7.375, 4.875, 6.25, 5.75],
					"rotation": 90,
					"texture": "#0"
				}
			}
		}
	]
}