{
	"textures": {
		"0": "minecraft:custom/spider/mutant_spider3"
	},
	"display": {
		"head": {
			"rotation": [0, 180, 0]
		}
	},
	"elements": [
		{
			"from": [-6, 7, 7],
			"to": [9, 9, 9],
			"rotation": {
				"angle": 0,
				"axis": "y",
				"origin": [12, -1, 4]
			},
			"faces": {
				"north": {
					"uv": [7.875, 7.625, 9.75, 7.875],
					"texture": "#0"
				},
				"east": {
					"uv": [0.75, 7.5, 1, 7.75],
					"texture": "#0"
				},
				"south": {
					"uv": [0, 8.125, 1.875, 8.375],
					"texture": "#0"
				},
				"west": {
					"uv": [5.625, 8.375, 5.875, 8.625],
					"texture": "#0"
				},
				"up": {
					"uv": [3.75, 8.375, 1.875, 8.125],
					"texture": "#0"
				},
				"down": {
					"uv": [5.625, 8.125, 3.75, 8.375],
					"texture": "#0"
				}
			}
		}
	]
}