{
	"textures": {
		"0": "minecraft:custom/spider/mutant_spider3"
	},
	"display": {
		"head": {
			"rotation": [0, 180, 0]
		}
	},
	"elements": [
		{
			"from": [-8, 7, 7],
			"to": [9, 9, 9],
			"faces": {
				"north": {
					"uv": [7.375, 4, 9.5, 4.25],
					"texture": "#0"
				},
				"east": {
					"uv": [6.375, 8.375, 6.625, 8.625],
					"texture": "#0"
				},
				"south": {
					"uv": [7.375, 4.25, 9.5, 4.5],
					"texture": "#0"
				},
				"west": {
					"uv": [6.625, 8.375, 6.875, 8.625],
					"texture": "#0"
				},
				"up": {
					"uv": [9.5, 4.75, 7.375, 4.5],
					"texture": "#0"
				},
				"down": {
					"uv": [9.5, 4.75, 7.375, 5],
					"texture": "#0"
				}
			}
		}
	]
}