{
	"textures": {
		"0": "minecraft:custom/spider/mutant_spider3"
	},
	"display": {
		"head": {
			"rotation": [0, 180, 0]
		}
	},
	"elements": [
		{
			"from": [7, 7, 7],
			"to": [22, 9, 9],
			"faces": {
				"north": {
					"uv": [5.625, 8.125, 7.5, 8.375],
					"texture": "#0"
				},
				"east": {
					"uv": [7.375, 8.375, 7.625, 8.625],
					"texture": "#0"
				},
				"south": {
					"uv": [8.125, 7.375, 10, 7.625],
					"texture": "#0"
				},
				"west": {
					"uv": [7.625, 8.375, 7.875, 8.625],
					"texture": "#0"
				},
				"up": {
					"uv": [9.375, 8.375, 7.5, 8.125],
					"texture": "#0"
				},
				"down": {
					"uv": [10.125, 6.75, 8.25, 7],
					"texture": "#0"
				}
			}
		}
	]
}