{
	"textures": {
		"4": "minecraft:custom/sculk_hand"
	},
	"display": {
		"head": {
			"rotation": [0, 180, 0]
		}
	},
	"elements": [
		{
			"from": [7, 8, 6],
			"to": [9, 11.75, 8],
			"rotation": {
				"angle": 0,
				"axis": "y",
				"origin": [8, 8, 7]
			},
			"faces": {
				"north": {
					"uv": [2.5, 6.75, 3, 7.75],
					"texture": "#4"
				},
				"east": {
					"uv": [4, 6.75, 4.5, 7.75],
					"texture": "#4"
				},
				"south": {
					"uv": [4.5, 6.75, 5, 7.75],
					"texture": "#4"
				},
				"west": {
					"uv": [5, 6.75, 5.5, 7.75],
					"texture": "#4"
				},
				"up": {
					"uv": [2.5, 8.25, 2, 7.75],
					"texture": "#4"
				},
				"down": {
					"uv": [3, 7.75, 2.5, 8.25],
					"texture": "#4"
				}
			}
		}
	]
}