{
	"textures": {
		"4": "minecraft:custom/sculk_hand"
	},
	"display": {
		"head": {
			"rotation": [0, 180, 0]
		}
	},
	"elements": [
		{
			"from": [7, 8, 6],
			"to": [9, 12.5, 8],
			"rotation": {
				"angle": 0,
				"axis": "y",
				"origin": [8, 8, 7]
			},
			"faces": {
				"north": {
					"uv": [5.5, 2, 6, 3.25],
					"texture": "#4"
				},
				"east": {
					"uv": [5.5, 3.25, 6, 4.5],
					"texture": "#4"
				},
				"south": {
					"uv": [4, 5.5, 4.5, 6.75],
					"texture": "#4"
				},
				"west": {
					"uv": [4.5, 5.5, 5, 6.75],
					"texture": "#4"
				},
				"up": {
					"uv": [5.25, 8.25, 4.75, 7.75],
					"texture": "#4"
				},
				"down": {
					"uv": [5.75, 7.75, 5.25, 8.25],
					"texture": "#4"
				}
			}
		}
	]
}