{
	"textures": {
		"4": "minecraft:custom/sculk_hand"
	},
	"display": {
		"head": {
			"rotation": [0, 180, 0]
		}
	},
	"elements": [
		{
			"from": [4, 9, 7],
			"to": [10, 15, 9],
			"rotation": {
				"angle": 0,
				"axis": "y",
				"origin": [6, 9, 8]
			},
			"faces": {
				"north": {
					"uv": [1, 3.5, 2.5, 5],
					"texture": "#4"
				},
				"east": {
					"uv": [3, 5, 3.5, 6.5],
					"texture": "#4"
				},
				"south": {
					"uv": [2.5, 3.5, 4, 5],
					"texture": "#4"
				},
				"west": {
					"uv": [3.5, 5, 4, 6.5],
					"texture": "#4"
				},
				"up": {
					"uv": [7, 0.5, 5.5, 0],
					"texture": "#4"
				},
				"down": {
					"uv": [7, 0.5, 5.5, 1],
					"texture": "#4"
				}
			}
		},
		{
			"from": [5, 8, 7],
			"to": [11, 9, 9],
			"rotation": {
				"angle": 0,
				"axis": "y",
				"origin": [6, 8, 8]
			},
			"faces": {
				"north": {
					"uv": [7.5, 2.25, 9, 2.5],
					"texture": "#4"
				},
				"east": {
					"uv": [3, 8, 3.5, 8.25],
					"texture": "#4"
				},
				"south": {
					"uv": [7.5, 2.5, 9, 2.75],
					"texture": "#4"
				},
				"west": {
					"uv": [8, 3.25, 8.5, 3.5],
					"texture": "#4"
				},
				"up": {
					"uv": [7, 1.5, 5.5, 1],
					"texture": "#4"
				},
				"down": {
					"uv": [7, 1.5, 5.5, 2],
					"texture": "#4"
				}
			}
		},
		{
			"from": [10, 9, 7],
			"to": [12, 14, 9],
			"rotation": {
				"angle": 0,
				"axis": "y",
				"origin": [12, 9, 8]
			},
			"faces": {
				"north": {
					"uv": [5.5, 4.5, 6, 5.75],
					"texture": "#4"
				},
				"east": {
					"uv": [5, 5.5, 5.5, 6.75],
					"texture": "#4"
				},
				"south": {
					"uv": [1, 5.75, 1.5, 7],
					"texture": "#4"
				},
				"west": {
					"uv": [1.5, 5.75, 2, 7],
					"texture": "#4"
				},
				"up": {
					"uv": [1, 8.5, 0.5, 8],
					"texture": "#4"
				},
				"down": {
					"uv": [8.5, 0.5, 8, 1],
					"texture": "#4"
				}
			}
		},
		{
			"from": [8, 8, 6.5],
			"to": [11, 10, 7],
			"rotation": {
				"angle": 0,
				"axis": "y",
				"origin": [12, 9, 6]
			},
			"faces": {
				"north": {
					"uv": [7.5, 2.75, 8.25, 3.25],
					"texture": "#4"
				},
				"east": {
					"uv": [3.5, 8, 3.75, 8.5],
					"texture": "#4"
				},
				"south": {
					"uv": [3, 7.5, 3.75, 8],
					"texture": "#4"
				},
				"west": {
					"uv": [8, 3.5, 8.25, 4],
					"texture": "#4"
				},
				"up": {
					"uv": [8.75, 1.25, 8, 1],
					"texture": "#4"
				},
				"down": {
					"uv": [2, 8, 1.25, 8.25],
					"texture": "#4"
				}
			}
		},
		{
			"from": [11, 9, 6.5],
			"to": [12, 11, 7],
			"rotation": {
				"angle": 0,
				"axis": "y",
				"origin": [13, 9, 6]
			},
			"faces": {
				"north": {
					"uv": [8, 4, 8.25, 4.5],
					"texture": "#4"
				},
				"east": {
					"uv": [8, 4.5, 8.25, 5],
					"texture": "#4"
				},
				"south": {
					"uv": [8, 5, 8.25, 5.5],
					"texture": "#4"
				},
				"west": {
					"uv": [8, 5.5, 8.25, 6],
					"texture": "#4"
				},
				"up": {
					"uv": [4, 7.75, 3.75, 7.5],
					"texture": "#4"
				},
				"down": {
					"uv": [6.25, 8, 6, 8.25],
					"texture": "#4"
				}
			}
		},
		{
			"from": [10, 10, 6.5],
			"to": [11, 11, 7],
			"rotation": {
				"angle": 0,
				"axis": "y",
				"origin": [12, 9, 6]
			},
			"faces": {
				"north": {
					"uv": [8, 6, 8.25, 6.25],
					"texture": "#4"
				},
				"east": {
					"uv": [6.25, 8, 6.5, 8.25],
					"texture": "#4"
				},
				"south": {
					"uv": [8, 6.25, 8.25, 6.5],
					"texture": "#4"
				},
				"west": {
					"uv": [8, 6.5, 8.25, 6.75],
					"texture": "#4"
				},
				"up": {
					"uv": [8.25, 7, 8, 6.75],
					"texture": "#4"
				},
				"down": {
					"uv": [7.25, 8, 7, 8.25],
					"texture": "#4"
				}
			}
		}
	]
}