{
	"textures": {
		"4": "minecraft:custom/sculk_hand"
	},
	"display": {
		"head": {
			"rotation": [0, 180, 0]
		}
	},
	"elements": [
		{
			"from": [5, 7, 6],
			"to": [11, 21, 10],
			"rotation": {
				"angle": 0,
				"axis": "y",
				"origin": [10.5, 17, 8]
			},
			"faces": {
				"north": {
					"uv": [0, 0, 1.5, 3.5],
					"texture": "#4"
				},
				"east": {
					"uv": [3, 0, 4, 3.5],
					"texture": "#4"
				},
				"south": {
					"uv": [1.5, 0, 3, 3.5],
					"texture": "#4"
				},
				"west": {
					"uv": [0, 3.5, 1, 7],
					"texture": "#4"
				},
				"up": {
					"uv": [5.5, 1, 4, 0],
					"texture": "#4"
				},
				"down": {
					"uv": [5.5, 1, 4, 2],
					"texture": "#4"
				}
			}
		}
	]
}