{
	"textures": {
		"2": "minecraft:custom/vfx/misc/circle_glow"
	},
	"display": {
		"head": {
			"rotation": [0, 180, 0]
		}
	},
	"elements": [
		{
			"from": [-4, 8.06, -4],
			"to": [20, 8.06, 20],
			"rotation": {
				"angle": 0,
				"axis": "y",
				"origin": [8, 8.06, 8]
			},
			"faces": {
				"north": {
					"uv": [0, 0, 16, 0],
					"texture": "#2"
				},
				"east": {
					"uv": [0, 0, 16, 0],
					"texture": "#2"
				},
				"south": {
					"uv": [0, 0, 16, 0],
					"texture": "#2"
				},
				"west": {
					"uv": [0, 0, 16, 0],
					"texture": "#2"
				},
				"up": {
					"uv": [0, 0, 16, 16],
					"texture": "#2"
				},
				"down": {
					"uv": [0, 0, 16, 16],
					"texture": "#2"
				}
			}
		}
	]
}