{
	"textures": {
		"5": "minecraft:custom/crafting_table_custom_1"
	},
	"elements": [
		{
			"from": [9, 4, 7],
			"to": [15, 5, 9],
			"faces": {
				"north": {
					"uv": [10.25, 10.25, 11.75, 10.5],
					"texture": "#5"
				},
				"east": {
					"uv": [11.75, 3.75, 12.25, 4],
					"texture": "#5"
				},
				"south": {
					"uv": [10.5, 0, 12, 0.25],
					"texture": "#5"
				},
				"west": {
					"uv": [4.25, 11.75, 4.75, 12],
					"texture": "#5"
				},
				"up": {
					"uv": [1.75, 10.25, 0.25, 9.75],
					"texture": "#5"
				},
				"down": {
					"uv": [11.25, 5.25, 9.75, 5.75],
					"texture": "#5"
				}
			}
		},
		{
			"from": [13.5, 5, 7.5],
			"to": [14.5, 6, 8.5],
			"faces": {
				"north": {
					"uv": [11.75, 11.25, 12, 11.5],
					"texture": "#5"
				},
				"east": {
					"uv": [11.5, 11.75, 11.75, 12],
					"texture": "#5"
				},
				"south": {
					"uv": [11.75, 11.5, 12, 11.75],
					"texture": "#5"
				},
				"west": {
					"uv": [11.75, 11.75, 12, 12],
					"texture": "#5"
				},
				"up": {
					"uv": [12.25, 0.25, 12, 0],
					"texture": "#5"
				},
				"down": {
					"uv": [0.5, 12, 0.25, 12.25],
					"texture": "#5"
				}
			}
		}
	],
	"display": {
		"head": {
			"rotation": [0, 180, 0]
		}
	}
}