{
	"textures": {
		"5": "minecraft:custom/crafting_table_custom_1"
	},
	"elements": [
		{
			"from": [18.5, 8, 7.5],
			"to": [19.5, 9, 8.5],
			"rotation": {
				"angle": 0,
				"axis": "y",
				"origin": [-12, -1, 8]
			},
			"faces": {
				"north": {
					"uv": [0.75, 12, 1, 12.25],
					"texture": "#5"
				},
				"east": {
					"uv": [1, 12, 1.25, 12.25],
					"texture": "#5"
				},
				"south": {
					"uv": [12, 1, 12.25, 1.25],
					"texture": "#5"
				},
				"west": {
					"uv": [12, 1.5, 12.25, 1.75],
					"texture": "#5"
				},
				"up": {
					"uv": [2, 12.25, 1.75, 12],
					"texture": "#5"
				}
			}
		},
		{
			"from": [7, 9, 7],
			"to": [20, 10, 9],
			"rotation": {
				"angle": 0,
				"axis": "y",
				"origin": [-12, -1, 8]
			},
			"faces": {
				"north": {
					"uv": [9.5, 2, 12.75, 2.25],
					"texture": "#5"
				},
				"east": {
					"uv": [11.75, 6.25, 12.25, 6.5],
					"texture": "#5"
				},
				"south": {
					"uv": [9.5, 2.25, 12.75, 2.5],
					"texture": "#5"
				},
				"west": {
					"uv": [11.75, 6.5, 12.25, 6.75],
					"texture": "#5"
				},
				"up": {
					"uv": [10.25, 3.75, 7, 3.25],
					"texture": "#5"
				},
				"down": {
					"uv": [8.25, 7, 5, 7.5],
					"texture": "#5"
				}
			}
		}
	],
	"display": {
		"head": {
			"rotation": [0, 180, 0]
		}
	}
}