{
	"textures": {
		"5": "minecraft:custom/crafting_table_custom_1"
	},
	"elements": [
		{
			"from": [9, 8, 7],
			"to": [15, 9, 9],
			"rotation": {
				"angle": 0,
				"axis": "y",
				"origin": [8, 3, 8]
			},
			"faces": {
				"north": {
					"uv": [12, 0, 10.5, 0.25],
					"texture": "#5"
				},
				"east": {
					"uv": [11.75, 3.75, 12.25, 4],
					"texture": "#5"
				},
				"south": {
					"uv": [10.25, 10.5, 11.75, 10.25],
					"texture": "#5"
				},
				"west": {
					"uv": [4.25, 11.75, 4.75, 12],
					"texture": "#5"
				},
				"up": {
					"uv": [1.75, 10.25, 0.25, 9.75],
					"texture": "#5"
				},
				"down": {
					"uv": [11.25, 5.25, 9.75, 5.75],
					"texture": "#5"
				}
			}
		},
		{
			"from": [13.5, 9, 7.5],
			"to": [14.5, 10, 8.5],
			"rotation": {
				"angle": 0,
				"axis": "y",
				"origin": [8, 3, 8]
			},
			"faces": {
				"north": {
					"uv": [11.75, 9.5, 12, 9.75],
					"texture": "#5"
				},
				"east": {
					"uv": [9.75, 11.75, 10, 12],
					"texture": "#5"
				},
				"south": {
					"uv": [11.75, 9.75, 12, 10],
					"texture": "#5"
				},
				"west": {
					"uv": [10, 11.75, 10.25, 12],
					"texture": "#5"
				},
				"up": {
					"uv": [12, 10.25, 11.75, 10],
					"texture": "#5"
				},
				"down": {
					"uv": [10.5, 11.75, 10.25, 12],
					"texture": "#5"
				}
			}
		}
	],
	"display": {
		"head": {
			"rotation": [0, 180, 0]
		}
	}
}