{
	"textures": {
		"5": "minecraft:custom/crafting_table_custom_1"
	},
	"elements": [
		{
			"from": [18.5, 7, 7.5],
			"to": [19.5, 10, 8.5],
			"rotation": {
				"angle": 0,
				"axis": "y",
				"origin": [-12, 1, 8]
			},
			"faces": {
				"north": {
					"uv": [10.5, 11, 10.75, 11.75],
					"texture": "#5"
				},
				"east": {
					"uv": [11, 10.5, 11.25, 11.25],
					"texture": "#5"
				},
				"south": {
					"uv": [10.75, 11, 11, 11.75],
					"texture": "#5"
				},
				"west": {
					"uv": [11.25, 0.25, 11.5, 1],
					"texture": "#5"
				},
				"down": {
					"uv": [11.5, 11.75, 11.25, 12],
					"texture": "#5"
				}
			}
		},
		{
			"from": [7, 6, 7],
			"to": [20, 7, 9],
			"rotation": {
				"angle": 0,
				"axis": "y",
				"origin": [-12, 1, 8]
			},
			"faces": {
				"north": {
					"uv": [9.5, 2.25, 12.75, 2.5],
					"texture": "#5"
				},
				"east": {
					"uv": [11.75, 6.25, 12.25, 6.5],
					"texture": "#5"
				},
				"south": {
					"uv": [9.5, 2, 12.75, 2.25],
					"texture": "#5"
				},
				"west": {
					"uv": [11.75, 6.5, 12.25, 6.75],
					"texture": "#5"
				},
				"up": {
					"uv": [8.25, 7, 5, 7.5],
					"texture": "#5"
				},
				"down": {
					"uv": [10.25, 3.75, 7, 3.25],
					"texture": "#5"
				}
			}
		}
	],
	"display": {
		"head": {
			"rotation": [0, 180, 0]
		}
	}
}