{
	"textures": {
		"5": "minecraft:custom/crafting_table_custom_1"
	},
	"elements": [
		{
			"from": [7, 2, 7],
			"to": [9, 8, 9],
			"faces": {
				"north": {
					"uv": [9.75, 8.25, 10.25, 9.75],
					"texture": "#5"
				},
				"east": {
					"uv": [9.75, 9.75, 10.25, 11.25],
					"texture": "#5"
				},
				"south": {
					"uv": [10, 0, 10.5, 1.5],
					"texture": "#5"
				},
				"west": {
					"uv": [1.75, 10, 2.25, 11.5],
					"texture": "#5"
				},
				"up": {
					"uv": [11.5, 4.75, 11, 4.25],
					"texture": "#5"
				}
			}
		}
	],
	"display": {
		"head": {
			"rotation": [0, 180, 0]
		}
	}
}