{
	"textures": {
		"1": "minecraft:custom/crafting_table_front"
	},
	"elements": [
		{
			"from": [7, 8, 15],
			"to": [9, 14, 16],
			"rotation": {
				"angle": 0,
				"axis": "y",
				"origin": [-8, 8, 8]
			},
			"faces": {
				"north": {
					"uv": [9, 10, 7, 16],
					"texture": "#1"
				},
				"east": {
					"uv": [7, 10, 8, 16],
					"texture": "#1"
				},
				"south": {
					"uv": [7, 10, 9, 16],
					"texture": "#1"
				},
				"west": {
					"uv": [8, 10, 9, 16],
					"texture": "#1"
				},
				"up": {
					"uv": [7, 9, 9, 10],
					"texture": "#1"
				}
			}
		},
		{
			"from": [1, 8, 16],
			"to": [7, 14, 16],
			"rotation": {
				"angle": 0,
				"axis": "y",
				"origin": [-8, 8, 8]
			},
			"faces": {
				"north": {
					"uv": [7, 10, 1, 16],
					"texture": "#1"
				},
				"south": {
					"uv": [1, 10, 7, 16],
					"texture": "#1"
				}
			}
		},
		{
			"from": [9, 8, 16],
			"to": [15, 14, 16],
			"rotation": {
				"angle": 0,
				"axis": "y",
				"origin": [-8, 8, 8]
			},
			"faces": {
				"north": {
					"uv": [15, 10, 9, 16],
					"texture": "#1"
				},
				"south": {
					"uv": [9, 10, 15, 16],
					"texture": "#1"
				}
			}
		},
		{
			"from": [15, 8, 15],
			"to": [16, 16, 16],
			"rotation": {
				"angle": 0,
				"axis": "y",
				"origin": [-8, 8, 8]
			},
			"faces": {
				"north": {
					"uv": [16, 8, 15, 16],
					"texture": "#1"
				},
				"east": {
					"uv": [0, 8, 1, 16],
					"texture": "#1"
				},
				"south": {
					"uv": [15, 8, 16, 16],
					"texture": "#1"
				},
				"west": {
					"uv": [0, 8, 1, 16],
					"texture": "#1"
				},
				"up": {
					"uv": [15, 8, 16, 9],
					"texture": "#1"
				}
			}
		}
	],
	"display": {
		"head": {
			"rotation": [0, 180, 0]
		}
	}
}