{
	"textures": {
		"5": "minecraft:custom/crafting_table_custom_1"
	},
	"elements": [
		{
			"from": [6, 8, 6],
			"to": [10, 12, 10],
			"faces": {
				"north": {
					"uv": [1, 8.75, 2, 9.75],
					"texture": "#5"
				},
				"east": {
					"uv": [8.75, 5.25, 9.75, 6.25],
					"texture": "#5"
				},
				"south": {
					"uv": [8.75, 6.25, 9.75, 7.25],
					"texture": "#5"
				},
				"west": {
					"uv": [2, 9, 3, 10],
					"texture": "#5"
				},
				"up": {
					"uv": [10, 8.25, 9, 7.25],
					"texture": "#5"
				}
			}
		}
	],
	"display": {
		"head": {
			"rotation": [0, 180, 0]
		}
	}
}