{
  "providers": [
    {
      "type": "bitmap",
      "file": "minecraft:ranks/user.png",
      "ascent": 8,
      "height": 10,
      "chars": ["υ"]
    },
    {
      "type": "bitmap",
      "file": "minecraft:ranks/admin.png",
      "ascent": 8,
      "height": 10,
      "chars": ["α"]
    },
    {
      "type": "bitmap",
      "file": "minecraft:ranks/owner.png",
      "ascent": 8,
      "height": 10,
      "chars": ["ω"]
    },
    {
      "type": "bitmap",
      "file": "minecraft:ranks/dev.png",
      "ascent": 8,
      "height": 10,
      "chars": ["δ"]
    },
    {
      "type": "bitmap",
      "file": "minecraft:ranks/youtube.png",
      "ascent": 8,
      "height": 10,
      "chars": ["γ"]
    },
    {
      "type": "bitmap",
      "file": "minecraft:tab/community.png",
      "ascent": 28,
      "height": 50,
      "chars": ["τ"]
    },
    {
      "type": "bitmap",
      "file": "minecraft:tab/community.png",
      "ascent": 15,
      "height": 25,
      "chars": ["σ"]
    }

  ]
}