{
  "providers": [
    {
      "type": "bitmap",
      "file": "minecraft:ranks/user.png",
      "ascent": 8,
      "height": 10,
      "chars": ["υ"]
    },
    {
      "type": "bitmap",
      "file": "minecraft:ranks/admin.png",
      "ascent": 8,
      "height": 10,
      "chars": ["α"]
    },
    {
      "type": "bitmap",
      "file": "minecraft:ranks/owner.png",
      "ascent": 8,
      "height": 10,
      "chars": ["ω"]
    },
    {
      "type": "bitmap",
      "file": "minecraft:ranks/dev.png",
      "ascent": 8,
      "height": 10,
      "chars": ["δ"]
    },
    {
      "type": "bitmap",
      "file": "minecraft:ranks/youtube.png",
      "ascent": 8,
      "height": 10,
      "chars": ["γ"]
    },
    {
      "type": "bitmap",
      "file": "minecraft:ranks/streamer.png",
      "ascent": 8,
      "height": 10,
      "chars": ["λ"]
    },
    {
      "type": "bitmap",
      "file": "minecraft:tab/community.png",
      "ascent": 28,
      "height": 50,
      "chars": ["τ"]
    },
    {
      "type": "bitmap",
      "file": "minecraft:tab/community.png",
      "ascent": 15,
      "height": 25,
      "chars": ["σ"]
    },
    {
      "type": "bitmap",
      "file": "minecraft:tab/row-1-column-1.png",
      "ascent": 15,
      "height": 24,
      "chars": ["手"]
    },
    {
      "type": "bitmap",
      "file": "minecraft:tab/row-1-column-2.png",
      "ascent": 15,
      "height": 24,
      "chars": ["田"]
    },
    {
      "type": "bitmap",
      "file": "minecraft:tab/row-1-column-3.png",
      "ascent": 15,
      "height": 24,
      "chars": ["水"]
    },
    {
      "type": "bitmap",
      "file": "minecraft:tab/row-1-column-4.png",
      "ascent": 15,
      "height": 24,
      "chars": ["口"]
    },
    {
      "type": "bitmap",
      "file": "minecraft:tab/row-1-column-5.png",
      "ascent": 15,
      "height": 24,
      "chars": ["廿"]
    },
    {
      "type": "bitmap",
      "file": "minecraft:tab/row-1-column-6.png",
      "ascent": 15,
      "height": 24,
      "chars": ["卜"]
    },
    {
      "type": "bitmap",
      "file": "minecraft:tab/row-1-column-7.png",
      "ascent": 15,
      "height": 24,
      "chars": ["山"]
    },
    {
      "type": "bitmap",
      "file": "minecraft:tab/row-1-column-8.png",
      "ascent": 15,
      "height": 24,
      "chars": ["戈"]
    },
    {
      "type": "bitmap",
      "file": "minecraft:tab/row-2-column-1.png",
      "ascent": 0,
      "height": 24,
      "chars": ["日"]
    },
    {
      "type": "bitmap",
      "file": "minecraft:tab/row-2-column-2.png",
      "ascent": 0,
      "height": 24,
      "chars": ["尸"]
    },
    {
      "type": "bitmap",
      "file": "minecraft:tab/row-2-column-3.png",
      "ascent": 0,
      "height": 24,
      "chars": ["木"]
    },
    {
      "type": "bitmap",
      "file": "minecraft:tab/row-2-column-4.png",
      "ascent": 0,
      "height": 24,
      "chars": ["火"]
    },
    {
      "type": "bitmap",
      "file": "minecraft:tab/row-2-column-5.png",
      "ascent": 0,
      "height": 24,
      "chars": ["土"]
    },
    {
      "type": "bitmap",
      "file": "minecraft:tab/row-2-column-6.png",
      "ascent": 0,
      "height": 24,
      "chars": ["竹"]
    },
    {
      "type": "bitmap",
      "file": "minecraft:tab/row-2-column-7.png",
      "ascent": 0,
      "height": 24,
      "chars": ["十"]
    },
    {
      "type": "bitmap",
      "file": "minecraft:tab/row-2-column-8.png",
      "ascent": 0,
      "height": 24,
      "chars": ["大"]
    },
    {
      "type": "bitmap",
      "file": "minecraft:tab/row-1-column-1.png",
      "ascent": 3,
      "height": 12,
      "chars": ["捧"]
    },
    {
      "type": "bitmap",
      "file": "minecraft:tab/row-1-column-2.png",
      "ascent": 3,
      "height": 12,
      "chars": ["畕"]
    },
    {
      "type": "bitmap",
      "file": "minecraft:tab/row-1-column-3.png",
      "ascent": 3,
      "height": 12,
      "chars": ["双"]
    },
    {
      "type": "bitmap",
      "file": "minecraft:tab/row-1-column-4.png",
      "ascent": 3,
      "height": 12,
      "chars": ["單"]
    },
    {
      "type": "bitmap",
      "file": "minecraft:tab/row-1-column-5.png",
      "ascent": 3,
      "height": 12,
      "chars": ["并"]
    },
    {
      "type": "bitmap",
      "file": "minecraft:tab/row-1-column-6.png",
      "ascent": 3,
      "height": 12,
      "chars": ["卞"]
    },
    {
      "type": "bitmap",
      "file": "minecraft:tab/row-1-column-7.png",
      "ascent": 3,
      "height": 12,
      "chars": ["出"]
    },
    {
      "type": "bitmap",
      "file": "minecraft:tab/row-1-column-8.png",
      "ascent": 3,
      "height": 12,
      "chars": ["広"]
    },
    {
      "type": "bitmap",
      "file": "minecraft:tab/row-2-column-1.png",
      "ascent": 0,
      "height": 12,
      "chars": ["昌"]
    },
    {
      "type": "bitmap",
      "file": "minecraft:tab/row-2-column-2.png",
      "ascent": 0,
      "height": 12,
      "chars": ["巨"]
    },
    {
      "type": "bitmap",
      "file": "minecraft:tab/row-2-column-3.png",
      "ascent": 0,
      "height": 12,
      "chars": ["林"]
    },
    {
      "type": "bitmap",
      "file": "minecraft:tab/row-2-column-4.png",
      "ascent": 0,
      "height": 12,
      "chars": ["炎"]
    },
    {
      "type": "bitmap",
      "file": "minecraft:tab/row-2-column-5.png",
      "ascent": 0,
      "height": 12,
      "chars": ["圭"]
    },
    {
      "type": "bitmap",
      "file": "minecraft:tab/row-2-column-6.png",
      "ascent": 0,
      "height": 12,
      "chars": ["笑"]
    },
    {
      "type": "bitmap",
      "file": "minecraft:tab/row-2-column-7.png",
      "ascent": 0,
      "height": 12,
      "chars": ["卄"]
    },
    {
      "type": "bitmap",
      "file": "minecraft:tab/row-2-column-8.png",
      "ascent": 0,
      "height": 12,
      "chars": ["爻"]
    },
    {
      "type": "bitmap",
      "file": "minecraft:npc/smp.png",
      "ascent": 48,
      "height": 48,
      "chars": ["勒"]
    },
    {
      "type": "bitmap",
      "file": "minecraft:npc/smpv1.png",
      "ascent": 64,
      "height": 64,
      "chars": ["愛"]
    },
    {
      "type": "bitmap",
      "file": "minecraft:npc/event.png",
      "ascent": 48,
      "height": 48,
      "chars": ["馬"]
    }

  ]
}

