{
	"textures": {
		"0": "minecraft:custom/land_shark"
	},
	"display": {
		"head": {
			"rotation": [0, 180, 0]
		}
	},
	"elements": [
		{
			"from": [0, 5.33333, 4],
			"to": [14.66667, 12, 12],
			"rotation": {
				"angle": 0,
				"axis": "y",
				"origin": [-5.33333, 5.33333, -2.66667]
			},
			"faces": {
				"north": {
					"uv": [2.75, 0, 5.5, 1.25],
					"texture": "#0"
				},
				"east": {
					"uv": [2.25, 4.5, 3.75, 5.75],
					"texture": "#0"
				},
				"south": {
					"uv": [2.75, 1.25, 5.5, 2.5],
					"texture": "#0"
				},
				"west": {
					"uv": [4.5, 3.5, 6, 4.75],
					"texture": "#0"
				},
				"up": {
					"uv": [2.75, 1.5, 0, 0],
					"texture": "#0"
				},
				"down": {
					"uv": [2.75, 1.5, 0, 3],
					"texture": "#0"
				}
			}
		},
		{
			"from": [3, 7.33333, 12],
			"to": [7, 8.66667, 20],
			"rotation": {
				"angle": 22.5,
				"axis": "y",
				"origin": [3, 7.33333, 12]
			},
			"faces": {
				"north": {
					"uv": [7, 5.5, 7.75, 5.75],
					"texture": "#0"
				},
				"east": {
					"uv": [6.25, 5.75, 7.75, 6],
					"texture": "#0"
				},
				"south": {
					"uv": [7, 6, 7.75, 6.25],
					"texture": "#0"
				},
				"west": {
					"uv": [7, 3, 8.5, 3.25],
					"texture": "#0"
				},
				"up": {
					"uv": [2, 6.5, 1.25, 5],
					"texture": "#0"
				},
				"down": {
					"uv": [6.25, 1.25, 5.5, 2.75],
					"texture": "#0"
				}
			}
		},
		{
			"from": [1.33333, 12, 7.33333],
			"to": [4.66667, 18.33333, 8.66667],
			"rotation": {
				"angle": -45,
				"axis": "z",
				"origin": [1.33333, 12, 8.66667]
			},
			"faces": {
				"north": {
					"uv": [6.25, 1.25, 6.875, 2.5],
					"texture": "#0"
				},
				"east": {
					"uv": [3.75, 7, 4, 8.25],
					"texture": "#0"
				},
				"south": {
					"uv": [6.25, 4.5, 6.875, 5.75],
					"texture": "#0"
				},
				"west": {
					"uv": [4, 7, 4.25, 8.25],
					"texture": "#0"
				},
				"up": {
					"uv": [7.875, 1.25, 7.25, 1],
					"texture": "#0"
				},
				"down": {
					"uv": [3.125, 7.25, 2.5, 7.5],
					"texture": "#0"
				}
			}
		},
		{
			"from": [3, 7.33333, -4],
			"to": [7, 8.66667, 4],
			"rotation": {
				"angle": -22.5,
				"axis": "y",
				"origin": [3, 7.33333, 4]
			},
			"faces": {
				"north": {
					"uv": [7, 6.25, 7.75, 6.5],
					"texture": "#0"
				},
				"east": {
					"uv": [7, 3.25, 8.5, 3.5],
					"texture": "#0"
				},
				"south": {
					"uv": [7, 6.5, 7.75, 6.75],
					"texture": "#0"
				},
				"west": {
					"uv": [7, 3.5, 8.5, 3.75],
					"texture": "#0"
				},
				"up": {
					"uv": [2.75, 7.25, 2, 5.75],
					"texture": "#0"
				},
				"down": {
					"uv": [3.5, 5.75, 2.75, 7.25],
					"texture": "#0"
				}
			}
		},
		{
			"from": [-6.66667, 8, 4.66667],
			"to": [0, 12, 11.33333],
			"rotation": {
				"angle": 0,
				"axis": "y",
				"origin": [-5.33333, 5.33333, -2.66667]
			},
			"faces": {
				"north": {
					"uv": [6, 3.75, 7.25, 4.5],
					"texture": "#0"
				},
				"east": {
					"uv": [4.5, 6, 5.75, 6.75],
					"texture": "#0"
				},
				"south": {
					"uv": [5.75, 6, 7, 6.75],
					"texture": "#0"
				},
				"west": {
					"uv": [0, 6.25, 1.25, 7],
					"texture": "#0"
				},
				"up": {
					"uv": [5, 6, 3.75, 4.75],
					"texture": "#0"
				},
				"down": {
					"uv": [1.25, 5, 0, 6.25],
					"texture": "#0"
				}
			}
		},
		{
			"from": [-6.1, 7.37329, 4.52531],
			"to": [-6.1, 8.23996, 5.39197],
			"rotation": {
				"angle": 45,
				"axis": "x",
				"origin": [-6.1, 6.83333, 5.63333]
			},
			"faces": {
				"north": {
					"uv": [0, 0, 0, 0.125],
					"texture": "#0"
				},
				"east": {
					"uv": [7.75, 1.25, 7.875, 1.375],
					"texture": "#0"
				},
				"south": {
					"uv": [0, 0, 0, 0.125],
					"texture": "#0"
				},
				"west": {
					"uv": [1.5, 7.75, 1.625, 7.875],
					"texture": "#0"
				},
				"up": {
					"uv": [0, 0.125, 0, 0],
					"texture": "#0"
				},
				"down": {
					"uv": [0, 0, 0, 0.125],
					"texture": "#0"
				}
			}
		},
		{
			"from": [-6.1, 7.37329, 8.92531],
			"to": [-6.1, 8.23996, 9.79197],
			"rotation": {
				"angle": 45,
				"axis": "x",
				"origin": [-6.1, 6.83333, 10.03333]
			},
			"faces": {
				"north": {
					"uv": [0, 0, 0, 0.125],
					"texture": "#0"
				},
				"east": {
					"uv": [7.75, 1.5, 7.875, 1.625],
					"texture": "#0"
				},
				"south": {
					"uv": [0, 0, 0, 0.125],
					"texture": "#0"
				},
				"west": {
					"uv": [1.75, 7.75, 1.875, 7.875],
					"texture": "#0"
				},
				"up": {
					"uv": [0, 0.125, 0, 0],
					"texture": "#0"
				},
				"down": {
					"uv": [0, 0, 0, 0.125],
					"texture": "#0"
				}
			}
		},
		{
			"from": [-6.03333, 7.47329, 5.69197],
			"to": [-6.03333, 8.20663, 6.42531],
			"rotation": {
				"angle": 45,
				"axis": "x",
				"origin": [-6.03333, 6.93333, 6.66667]
			},
			"faces": {
				"north": {
					"uv": [0, 0, 0, 0.125],
					"texture": "#0"
				},
				"east": {
					"uv": [7.75, 1.75, 7.875, 1.875],
					"texture": "#0"
				},
				"south": {
					"uv": [0, 0, 0, 0.125],
					"texture": "#0"
				},
				"west": {
					"uv": [2.5, 7.75, 2.625, 7.875],
					"texture": "#0"
				},
				"up": {
					"uv": [0, 0.125, 0, 0],
					"texture": "#0"
				},
				"down": {
					"uv": [0, 0, 0, 0.125],
					"texture": "#0"
				}
			}
		},
		{
			"from": [-6.13333, 7.47329, 6.75864],
			"to": [-6.13333, 8.20663, 7.49197],
			"rotation": {
				"angle": 45,
				"axis": "x",
				"origin": [-6.13333, 6.93333, 7.73333]
			},
			"faces": {
				"north": {
					"uv": [0, 0, 0, 0.125],
					"texture": "#0"
				},
				"east": {
					"uv": [2.75, 7.75, 2.875, 7.875],
					"texture": "#0"
				},
				"south": {
					"uv": [0, 0, 0, 0.125],
					"texture": "#0"
				},
				"west": {
					"uv": [3, 7.75, 3.125, 7.875],
					"texture": "#0"
				},
				"up": {
					"uv": [0, 0.125, 0, 0],
					"texture": "#0"
				},
				"down": {
					"uv": [0, 0, 0, 0.125],
					"texture": "#0"
				}
			}
		},
		{
			"from": [-6.03333, 7.47329, 7.82531],
			"to": [-6.03333, 8.20663, 8.55864],
			"rotation": {
				"angle": 45,
				"axis": "x",
				"origin": [-6.03333, 6.93333, 8.8]
			},
			"faces": {
				"north": {
					"uv": [0, 0, 0, 0.125],
					"texture": "#0"
				},
				"east": {
					"uv": [3.25, 7.75, 3.375, 7.875],
					"texture": "#0"
				},
				"south": {
					"uv": [0, 0, 0, 0.125],
					"texture": "#0"
				},
				"west": {
					"uv": [7.75, 3.75, 7.875, 3.875],
					"texture": "#0"
				},
				"up": {
					"uv": [0, 0.125, 0, 0],
					"texture": "#0"
				},
				"down": {
					"uv": [0, 0, 0, 0.125],
					"texture": "#0"
				}
			}
		},
		{
			"from": [-1.97469, 7.60663, 10.7],
			"to": [-0.97469, 8.60663, 10.7],
			"rotation": {
				"angle": -45,
				"axis": "z",
				"origin": [-1, 7.33333, 10.7]
			},
			"faces": {
				"north": {
					"uv": [7.25, 7, 7.5, 7.25],
					"texture": "#0"
				},
				"east": {
					"uv": [0, 0, 0, 0.25],
					"texture": "#0"
				},
				"south": {
					"uv": [7.25, 7.25, 7.5, 7.5],
					"texture": "#0"
				},
				"west": {
					"uv": [0, 0, 0, 0.25],
					"texture": "#0"
				},
				"up": {
					"uv": [0.25, 0, 0, 0],
					"texture": "#0"
				},
				"down": {
					"uv": [0.25, 0, 0, 0],
					"texture": "#0"
				}
			}
		},
		{
			"from": [-3.04136, 7.60663, 10.76667],
			"to": [-2.04136, 8.60663, 10.76667],
			"rotation": {
				"angle": -45,
				"axis": "z",
				"origin": [-2.06667, 7.33333, 10.76667]
			},
			"faces": {
				"north": {
					"uv": [0, 7.5, 0.25, 7.75],
					"texture": "#0"
				},
				"east": {
					"uv": [0, 0, 0, 0.25],
					"texture": "#0"
				},
				"south": {
					"uv": [0.25, 7.5, 0.5, 7.75],
					"texture": "#0"
				},
				"west": {
					"uv": [0, 0, 0, 0.25],
					"texture": "#0"
				},
				"up": {
					"uv": [0.25, 0, 0, 0],
					"texture": "#0"
				},
				"down": {
					"uv": [0.25, 0, 0, 0],
					"texture": "#0"
				}
			}
		},
		{
			"from": [-4.10803, 7.60663, 10.66667],
			"to": [-3.10803, 8.60663, 10.66667],
			"rotation": {
				"angle": -45,
				"axis": "z",
				"origin": [-3.13333, 7.33333, 10.66667]
			},
			"faces": {
				"north": {
					"uv": [0.5, 7.5, 0.75, 7.75],
					"texture": "#0"
				},
				"east": {
					"uv": [0, 0, 0, 0.25],
					"texture": "#0"
				},
				"south": {
					"uv": [0.75, 7.5, 1, 7.75],
					"texture": "#0"
				},
				"west": {
					"uv": [0, 0, 0, 0.25],
					"texture": "#0"
				},
				"up": {
					"uv": [0.25, 0, 0, 0],
					"texture": "#0"
				},
				"down": {
					"uv": [0.25, 0, 0, 0],
					"texture": "#0"
				}
			}
		},
		{
			"from": [-5.04136, 7.60663, 10.56667],
			"to": [-4.04136, 8.60663, 10.56667],
			"rotation": {
				"angle": -45,
				"axis": "z",
				"origin": [-4.06667, 7.33333, 10.56667]
			},
			"faces": {
				"north": {
					"uv": [1, 7.5, 1.25, 7.75],
					"texture": "#0"
				},
				"east": {
					"uv": [0, 0, 0, 0.25],
					"texture": "#0"
				},
				"south": {
					"uv": [2.5, 7.5, 2.75, 7.75],
					"texture": "#0"
				},
				"west": {
					"uv": [0, 0, 0, 0.25],
					"texture": "#0"
				},
				"up": {
					"uv": [0.25, 0, 0, 0],
					"texture": "#0"
				},
				"down": {
					"uv": [0.25, 0, 0, 0],
					"texture": "#0"
				}
			}
		},
		{
			"from": [-6.24136, 7.47329, 10.66667],
			"to": [-5.24136, 8.47329, 10.66667],
			"rotation": {
				"angle": -45,
				"axis": "z",
				"origin": [-5.26667, 7.2, 10.66667]
			},
			"faces": {
				"north": {
					"uv": [2.75, 7.5, 3, 7.75],
					"texture": "#0"
				},
				"east": {
					"uv": [0, 0, 0, 0.25],
					"texture": "#0"
				},
				"south": {
					"uv": [3, 7.5, 3.25, 7.75],
					"texture": "#0"
				},
				"west": {
					"uv": [0, 0, 0, 0.25],
					"texture": "#0"
				},
				"up": {
					"uv": [0.25, 0, 0, 0],
					"texture": "#0"
				},
				"down": {
					"uv": [0.25, 0, 0, 0],
					"texture": "#0"
				}
			}
		},
		{
			"from": [-6.37469, 7.47329, 5.3],
			"to": [-5.37469, 8.47329, 5.3],
			"rotation": {
				"angle": -45,
				"axis": "z",
				"origin": [-5.4, 7.2, 5.3]
			},
			"faces": {
				"north": {
					"uv": [3.25, 7.5, 3.5, 7.75],
					"texture": "#0"
				},
				"east": {
					"uv": [0, 0, 0, 0.25],
					"texture": "#0"
				},
				"south": {
					"uv": [7.5, 3.75, 7.75, 4],
					"texture": "#0"
				},
				"west": {
					"uv": [0, 0, 0, 0.25],
					"texture": "#0"
				},
				"up": {
					"uv": [0.25, 0, 0, 0],
					"texture": "#0"
				},
				"down": {
					"uv": [0.25, 0, 0, 0],
					"texture": "#0"
				}
			}
		},
		{
			"from": [-5.04136, 7.60663, 5.26667],
			"to": [-4.04136, 8.60663, 5.26667],
			"rotation": {
				"angle": -45,
				"axis": "z",
				"origin": [-4.06667, 7.33333, 5.26667]
			},
			"faces": {
				"north": {
					"uv": [7.5, 4, 7.75, 4.25],
					"texture": "#0"
				},
				"east": {
					"uv": [0, 0, 0, 0.25],
					"texture": "#0"
				},
				"south": {
					"uv": [7.5, 4.25, 7.75, 4.5],
					"texture": "#0"
				},
				"west": {
					"uv": [0, 0, 0, 0.25],
					"texture": "#0"
				},
				"up": {
					"uv": [0.25, 0, 0, 0],
					"texture": "#0"
				},
				"down": {
					"uv": [0.25, 0, 0, 0],
					"texture": "#0"
				}
			}
		},
		{
			"from": [-4.10803, 7.60663, 5.33333],
			"to": [-3.10803, 8.60663, 5.33333],
			"rotation": {
				"angle": -45,
				"axis": "z",
				"origin": [-3.13333, 7.33333, 5.33333]
			},
			"faces": {
				"north": {
					"uv": [7.5, 4.5, 7.75, 4.75],
					"texture": "#0"
				},
				"east": {
					"uv": [0, 0, 0, 0.25],
					"texture": "#0"
				},
				"south": {
					"uv": [7.5, 4.75, 7.75, 5],
					"texture": "#0"
				},
				"west": {
					"uv": [0, 0, 0, 0.25],
					"texture": "#0"
				},
				"up": {
					"uv": [0.25, 0, 0, 0],
					"texture": "#0"
				},
				"down": {
					"uv": [0.25, 0, 0, 0],
					"texture": "#0"
				}
			}
		},
		{
			"from": [-3.04136, 7.60663, 5.4],
			"to": [-2.04136, 8.60663, 5.4],
			"rotation": {
				"angle": -45,
				"axis": "z",
				"origin": [-2.06667, 7.33333, 5.4]
			},
			"faces": {
				"north": {
					"uv": [7.5, 5, 7.75, 5.25],
					"texture": "#0"
				},
				"east": {
					"uv": [0, 0, 0, 0.25],
					"texture": "#0"
				},
				"south": {
					"uv": [7.5, 5.25, 7.75, 5.5],
					"texture": "#0"
				},
				"west": {
					"uv": [0, 0, 0, 0.25],
					"texture": "#0"
				},
				"up": {
					"uv": [0.25, 0, 0, 0],
					"texture": "#0"
				},
				"down": {
					"uv": [0.25, 0, 0, 0],
					"texture": "#0"
				}
			}
		},
		{
			"from": [-1.97469, 7.60663, 5.4],
			"to": [-0.97469, 8.60663, 5.4],
			"rotation": {
				"angle": -45,
				"axis": "z",
				"origin": [-1, 7.33333, 5.4]
			},
			"faces": {
				"north": {
					"uv": [6, 7.5, 6.25, 7.75],
					"texture": "#0"
				},
				"east": {
					"uv": [0, 0, 0, 0.25],
					"texture": "#0"
				},
				"south": {
					"uv": [6.25, 7.5, 6.5, 7.75],
					"texture": "#0"
				},
				"west": {
					"uv": [0, 0, 0, 0.25],
					"texture": "#0"
				},
				"up": {
					"uv": [0.25, 0, 0, 0],
					"texture": "#0"
				},
				"down": {
					"uv": [0.25, 0, 0, 0],
					"texture": "#0"
				}
			}
		}
	]
}