{
	"textures": {
		"0": "minecraft:custom/land_shark"
	},
	"display": {
		"head": {
			"rotation": [0, 180, 0]
		}
	},
	"elements": [
		{
			"from": [7.25, 0.5, 6.5],
			"to": [8.75, 8, 9.125],
			"rotation": {
				"angle": 0,
				"axis": "y",
				"origin": [-13.75, 2, -1]
			},
			"faces": {
				"north": {
					"uv": [1.75, 6.5, 2, 7.75],
					"texture": "#0"
				},
				"east": {
					"uv": [1.25, 6.5, 1.75, 7.75],
					"texture": "#0"
				},
				"south": {
					"uv": [3.5, 7, 3.75, 8.25],
					"texture": "#0"
				},
				"west": {
					"uv": [6.75, 0, 7.25, 1.25],
					"texture": "#0"
				},
				"up": {
					"uv": [2.5, 3.5, 2.25, 3],
					"texture": "#0"
				},
				"down": {
					"uv": [2.75, 3, 2.5, 3.5],
					"texture": "#0"
				}
			}
		},
		{
			"from": [5.75, 0.5, 6.5],
			"to": [7.25, 2, 9.125],
			"rotation": {
				"angle": 0,
				"axis": "y",
				"origin": [-15.25, 2, -1]
			},
			"faces": {
				"north": {
					"uv": [5, 2.5, 5.25, 2.75],
					"texture": "#0"
				},
				"east": {
					"uv": [7.25, 0, 7.875, 0.25],
					"texture": "#0"
				},
				"south": {
					"uv": [5.25, 2.5, 5.5, 2.75],
					"texture": "#0"
				},
				"west": {
					"uv": [7.25, 0.25, 7.875, 0.5],
					"texture": "#0"
				},
				"up": {
					"uv": [2.25, 5.625, 2, 5],
					"texture": "#0"
				},
				"down": {
					"uv": [6, 2.75, 5.75, 3.375],
					"texture": "#0"
				}
			}
		}
	]
}