{"providers":[{"type":"space","advances":{" ":4}},{"type":"bitmap","file":"betterhud:text_font2_1.png","ascent":-8433698,"height":16,"chars":["!',.:;i|¡¦·ǀǃʻˌ˙",";·і׃ויןᛁᛌᛧ᛬ᴉ⁏ⁱ⏽⸵","⹁יִ𐌱𐌳𐌵𐌷𐌹𐌻𐌽𐌿𐍁𐍃𐍅𐍇𐍉🌊"]},{"type":"bitmap","file":"betterhud:text_font2_2.png","ascent":-8433698,"height":16,"chars":["🌧"]},{"type":"bitmap","file":"betterhud:text_font2_3.png","ascent":-8433692,"height":24,"chars":["ıị"]},{"type":"bitmap","file":"betterhud:text_font2_4.png","ascent":-8433698,"height":16,"chars":["ʴˈˡ̛̲̳̅̿҇̚ӏְִּֽׁ","ׂاٰߊ໊߲߭ᑊᴵᴸᵀᵎᵢᶤᶫ᾽","᾿῾ₗₜⅰⅼ∣∶⋮⎜⎟⎢⎥⎪⎮┆","┊╎╵╷❘ⱼꜝꜞꜟꞋꞌﺍ𐌉𐌠𝗂"]},{"type":"bitmap","file":"betterhud:text_font2_5.png","ascent":-8433698,"height":16,"chars":["𞸀"]},{"type":"bitmap","file":"betterhud:text_font2_6.png","ascent":-8433698,"height":16,"chars":["`l´ɭιՙ՚՛՝լ׳᛫ᛵ‘’‚"]},{"type":"bitmap","file":"betterhud:text_font2_7.png","ascent":-8433698,"height":16,"chars":["•′‵⁽⁾₍₎∙│ꞁꞩוֹ"]},{"type":"bitmap","file":"betterhud:text_font2_8.png","ascent":-8433692,"height":24,"chars":["ìíįĺļɩ̧ίᶅᶖḷἰἱί"]},{"type":"bitmap","file":"betterhud:text_font2_9.png","ascent":-8433698,"height":16,"chars":["ʲʵʹʼʽˊˋːˑ̕ʹ͵ͺ΄։ֹ","ֺ׀،؛أ٠٬۰ߴߵᐝᐧᴶᵣᶡᶥ","ᶩᶪι`´‛․‧⁚⁝⁞⃜Ⅰ⋅▏▕","⠁⠂⠃⠄⠅⠆⠇⠈⠐⠘⠠⠨⠰⠸⡀⡁","⡂⡃⡄⡅⡆⡇⢀⢈⢐⢘⢠⢨⢰⢸ⵂⵏ"]},{"type":"bitmap","file":"betterhud:text_font2_10.png","ascent":-8433698,"height":16,"chars":["ⵑⵗꓲꓸꓹꓼꓽ꞉ꟾ"]},{"type":"bitmap","file":"betterhud:text_font2_11.png","ascent":-8433698,"height":16,"chars":["\"()*I[]t{}¨­¹ſƚǁ","ȴɨɪʇʈΙІӀ՜՞׆זנװױײ","჻ჼᚨᚭᚮᚲᚽᚿᛂᛆᛊᛍᛐᛓᛙᛚ","‐‑‹›‼⁎⁑⁒⁺⁻⁼₁₊₋₌₥"]},{"type":"bitmap","file":"betterhud:text_font2_12.png","ascent":-8433698,"height":16,"chars":["∥⋆⏴⏵⏸◘◦♀♩♭♮ײַוּ🛡"]},{"type":"bitmap","file":"betterhud:text_font2_13.png","ascent":-8433692,"height":24,"chars":["ÌÍÎÏîïĪīĮİľŀţŧƖƗ","ƫƭǏǐțΪϊЇїḮḯḹḻḽṫṭ"]},{"type":"bitmap","file":"betterhud:text_font2_14.png","ascent":-8433692,"height":24,"chars":["ṯṱẗẛỈỉỊὶῑῒΐῙ"]},{"type":"bitmap","file":"betterhud:text_font2_15.png","ascent":-8433698,"height":16,"chars":["¸ʾʿˀˁ˂˃ˇˎˏ˒˓˔˕˛˟","ˤϳֵֶإٕٔٚ١ٴ۱ᵗᶠᶦᶧᶨ","ᶵ‖⁅⁆↾≀⌇⌈⌉⌊⌋⍳┃┇┋╏","╹╻╽╿▎❙❛❜❲❳⟨⟩⥏⸢⸣⸤"]},{"type":"bitmap","file":"betterhud:text_font2_16.png","ascent":-8433698,"height":16,"chars":["⸥ꙇꝇ꞊ﹺﺃﺇ𝕃𝕚𝕝𝗃𝗅𝗶𝚤𝝞"]},{"type":"bitmap","file":"betterhud:text_font2_17.png","ascent":-8433698,"height":16,"chars":["<>fkª°²³ºĳĸȶɟɬʞκ","гкԼՒէւג״ჯᚠᚦᚧᚩᚪᚫᚱ","ᚳᚴᚹᛈᛑᛒᛔᛕᛛᛩᛴẜẝỽ“”","„″‶⁊⁰⁴⁵⁶⁷⁸⁹ⁿ₀₂₃₄","₅₆₇₈₉∁⌠⌡▌▐●ꝛꞨכּ𐌰𐌲"]},{"type":"bitmap","file":"betterhud:text_font2_18.png","ascent":-8433698,"height":16,"chars":["𐌴𐌶𐌸𐌺𐌼𐌾𐍀𐍂𐍄𐍆𐍈𐍊🔥🪓"]},{"type":"bitmap","file":"betterhud:text_font2_19.png","ascent":-8433692,"height":24,"chars":["ĨĩĬĭķłťƙǩȊȋѓќҕӄӷ"]},{"type":"bitmap","file":"betterhud:text_font2_20.png","ascent":-8433692,"height":24,"chars":["ᚡᚵᶂḟḬḭḱḳḵἶἷῐῖῗῘ"]},{"type":"bitmap","file":"betterhud:text_font2_21.png","ascent":-8433698,"height":16,"chars":["ʳʺ˗ˠͿؕٓߗᐟᐠᐡᐢᐣᐤᐦᐨ","ᐩᐪᒻᒽᔅᔆᔇᔾᕀᕐ᙮ᵋᵌᵓᵪᵼ","ᶜᶝᶟᶳᶴᶻᶽ‸ₓₖ℩ⅈⅱ↿⇂⇃","✌⤸⤹⥑⦗⦘ⱡꙆꜢꜣ","יּנּﭔ","ﭘﭜﭠﭤﯦﯨﯾﹰﹲﹳﹴﹶﹸﹾﺋﺎ","ﺑﺗﺛﻟﻧﻳ𐌆𐌔𝐢𝐥𝑖𝑙𝕣𝖨𝖩𝗹"]},{"type":"bitmap","file":"betterhud:text_font2_22.png","ascent":-8433698,"height":16,"chars":["𝝸"]},{"type":"bitmap","file":"betterhud:text_font2_23.png","ascent":-8433698,"height":16,"chars":["#$%&+-/012345678","9=?ABCDEFGHJKLMN","OPQRSTUVWXYZ\\^_a","bcdeghjmnopqrsuv","wxyz¢£¥§¬¯±µ¿×ØÞ","ßð÷øþĲƆƎƏƐƒƛƞƟƧƨ","ƩƪƲƷƸƹƻƼƽƾƿǂǝǷȜȝ","ȠȤȥȺȻȼȾɁɂɅɆɐɑɒɓɔ","ɕɘəɛɜɞɡɢɤɥɦɧɫɮɯɰ","ɱɴɵɸɹɺɼɾɿʀʁʅʊʋʌʍ","ʎʏʑʒʓʔʕʖʗʘʙʚʜʝʟʡ","ʢʬΑΒΓΔΕΖΗΘΚΛΜΝΞΟ","ΠΡΣΤΥΦΧΨΩαβγδεζη","θλμνξοπρςτυφχψϛЄ","ЅЈАБВГЕЗИКЛМНОПР","СТУХЧЬЭЯабвежзил"]},{"type":"bitmap","file":"betterhud:text_font2_24.png","ascent":-8433698,"height":16,"chars":["мнопрстуфхцчшьэя","єѕјѲѳғқҮүҰұҺһӘәӨ","өԀԱԲԵԶԷԸԻԾԿՀՁՃՅՆ","ՇՈՉՊՋՍՎՏՐՑՓՔՕՖ՟ՠ","աբեըթիծկհձճյշոչպ","ջռսրցօֆ֊֏־אבדהחט","ךכלםמסעףפץצקרשת߈","ႠႣႤႨႩႬႱႲႴႵႶႷႸႹႺႼ","ႽႾႿჁჂჃჄჇჍაბგდევზ","თიკმნოპჟრსტუფქღყ","შჩცძწჭხჰჲჳჴჵჶჷჸჹ","ჺჽჾჿᗡᗺᘔᚢᚣᚤᚥᚬᚯᚰᚶᚷ","ᚸᚺᚻᚼᚾᛀᛄᛅᛇᛉᛋᛎᛏᛖᛗᛘ","ᛜᛝᛞᛟᛡᛣᛤᛥᛦᛨ᛭ᛮᛯᛰᛱᛲ","ᛶᛷᛸᴀᴄᴅᴇᴊᴋᴍᴏᴘᴚᴛᴜᴠ","ᴡᴢᵷẞẟỼỾ†‡‽₡₮₰₲₵₶"]},{"type":"bitmap","file":"betterhud:text_font2_25.png","ascent":-8433698,"height":16,"chars":["₸₹₼₿Ⅎ⅁⅄⅋⅐⅑⅕⅖⅗⅙⅚⅟","↉↑↓∂∃∄∈∉∋∌∑−∓∧∨∩","∫∮∴∵≠≤≥⊂⊃⊄⊅⊆⊇⊢⊤⊥","⊨⊻⊼⊽⋃⏏⏶⏷⏹⏺┌┐└┘├┤","║╒╕╘╛╞╡■□▲△▼▽◆◇○","☰☱☲☳☴☵☶☷☹☺♂♠♡♢♣♤","♥♦♧♪♯⚗⚡⚥❣⟘⥝ⱦⱯⴀⴃⴄ","ⴅⴇⴈⴉⴊⴋⴌⴍⴐⴑⴒⴓⴔⴕⴖⴗ","ⴘⴙⴚⴛⴜⴞⴟⴠⴡⴢⴣⴤⴥ⸘⸮⸸","⹋〒ㄥꜦꜧꜰꜱꝚꝹꞀꞯꞰﬁﬅשׂבּ"]},{"type":"bitmap","file":"betterhud:text_font2_26.png","ascent":-8433698,"height":16,"chars":["פּתּבֿפֿ＋🎣🏹🔱🗡🧪"]},{"type":"bitmap","file":"betterhud:text_font2_27.png","ascent":-8433692,"height":24,"chars":["ÀÁÂÃÄÅÇÈÉÊËÑÒÓÔÕ","ÖÙÚÛÜÝàáâãäåçèéê","ëñòóôõöùúûüýÿĀāĂ","ăĄąĆćĈĉĊċČčĎĒēĔĕ","ĖėĘęĚěĜĝĞğĠġĢģĤĥ","ĴĵĶĹĻĽĿŃńŅņŇňŊŋŌ","ōŎŏŐőŔŕŖŗŘřŚśŜŝŞ","şŠšŢŤŦŨũŪūŬŭŮůŰű","ŲųŴŵŶŷŸŹźŻżŽžƂƃƋ","ƌƍƔƘƜƥƦƮƱƵƶƺǍǎǑǒ","ǓǔǕǖǗǘǙǚǛǜǞǟǠǡǦǧ","ǨǪǫǬǭǮǯǰǴǵǸǹǺǻǾǿ","ȀȁȂȃȄȅȆȇȈȉȌȍȎȏȐȑ","ȒȓȔȕȖȗȘșȚȞȟȢȣȦȧȨ","ȩȪȫȬȭȮȯȰȱȲȳȷȿɀɣɽ","ʂʃʭΊΐΫάέήΰϋόύЀЁЃ"]},{"type":"bitmap","file":"betterhud:text_font2_28.png","ascent":-8433692,"height":24,"chars":["ЌЍЎЏЙйѐёѝўџҎҏҐґҔ","ҘҙҜҝҟҡҪҫҬҭҸҹӂӃӇӈ","ӋӌӐӑӒӓӖӗӚӛӝӞӟӠӡӢ","ӣӤӥӦӧӪӫӬӭӮӯӰӱӲӳӴ","ӵӶӻӼӽӾӿԌԍԐԑԒԓԚԛԜ","ԝԞԟᵮᵵᵶᶀᶄᶈᶉᶊᶋᶌᶔᶘᶚ","ḀḁḂḃḄḅḆḇḈḉḊḋḌḍḎḏ","ḐḑḒḓḔḕḖḗḘḙḚḛḜḝḞḠ","ḡḢḣḤḥḦḧḨḩḪḫḰḲḴḶḸ","ḺḼḾḿṀṁṂṃṄṅṆṇṈṉṊṋ","ṌṍṎṏṐṑṒṓṔṕṖṗṘṙṚṛ","ṜṝṞṟṠṡṢṣṤṥṦṧṨṩṪṬ","ṮṰṲṳṴṵṶṷṸṹṺṻṼṽṾṿ","ẀẁẂẃẄẅẆẇẈẉẊẋẌẍẎẏ","ẐẑẒẓẔẕẖẘẙẚẠạẢảẤấ","ẦầẨẩẪẫẬậẮắẰằẲẳẴẵ"]},{"type":"bitmap","file":"betterhud:text_font2_29.png","ascent":-8433692,"height":24,"chars":["ẶặẸẹẺẻẼẽẾếỀềỂểỄễ","ỆệỌọỎỏỐốỒồỔổỖỗỘộ","ỤụỦủỲỳỴỵỶỷỸỹἀἁἂἃ","ἄἅἆἇἐἑἒἓἔἕἠἡἢἣἤἥ","ἦἧἲἳἴἵὀὁὂὃὄὅὐὑὒὓ","ὔὕὖὗὰάὲέὴήὸόὺύᾀᾁ","ᾂᾃᾄᾅᾆᾇᾐᾑᾒᾓᾔᾕᾖᾗᾰᾱ","ᾲᾳᾴᾶᾷᾸᾹᾼῂῃῄῆῇῌῠῡ","ῢΰῤῥῦῧῨῩῼⱾⱿꚂꚃꚆꚇꚌ","ꚍꚏꚐꚑꚔꚕꜾꜿꝠꝡꞔꟄꭐꭑאַאָ"]},{"type":"bitmap","file":"betterhud:text_font2_30.png","ascent":-8433698,"height":16,"chars":["ʰʱʶʸ˄˅ˆˉˍ˖˘˚˜˝ˢˣ","˥˦˧˨˩ˬ˭ˮ˯˰˳˷΅ַָֻ","ׇֿءـًٌٍَُِّْٗ٫٭ߓ","ߔߞߣߤߥ߫߮߳ເᑦᒃᒄᒡᒢᓑᕁ","ᕽᖮᙆᙇᴱᴲᴷᴾᵃᵄᵅᵇᵈᵉᵊᵍ","ᵏᵑᵒᵔᵕᵖᵘᵛᵝᵞᵟᵡᵤᵥᵦᵧ","ᵨᵻᶛᶞᶢᶣᶰᶱᶲᶶᶷᶸᶹᶺᶼᶾ","ᶿ῀῁῎῏῞῟῭΅‟‣⁁⁃⁌⁍ₐ","ₑₒₔₕₙₚₛℐℓⅉⅡ∎∕∖∘≬","⊦⊧⊺⌜⌝⌞⌟⍣⍤⎛⎝⎞⎠⎡⎣⎤","⎦⎧⎨⎩⎫⎬⎭⎷┍┕┝╭╰╴╶╸","╺▍⚸❚❪❫⟅⟆⟦⟧⥉⥍⦇⦈ⱹⴾ","꜈꜉꜊꜋꜌꜍꜎꜏꜐꜑꜒꜓꜔꜕꜖ꜛ","ꜜꝉﬞגּזּﭕﭙﭝ","ﭡﭥﭨﭩﮢﮣﯧﯩﯿﹱﹷﹹﹻﹼﹽﹿ","ﺀﺄﺈﺌﺒﺘﺜﻨﻴ𐌝𝐣𝐼𝑗𝕀𝕁𝕛"]},{"type":"bitmap","file":"betterhud:text_font2_31.png","ascent":-8433698,"height":16,"chars":["𝖿𝗋𝗍𝗝𝗷𝚓𝚥"]},{"type":"bitmap","file":"betterhud:text_font2_32.png","ascent":-8433698,"height":16,"chars":["@~«¶»ƄƅƉƑȽɃɇɈɉɊɋ","ɌɍɖɗɠɲɳɻʄʆʛʠσЊЋД","ЦЪдщъыњѢѣѴѵҒҗҚҢң","ԳԴԹԺԽՂՄՌգդզժխղմն","վքևֈႫႯჱᛃᶑỿ–‴‷⁋₠₢","₣₤₫€₭₺₽₾⇵√∝≈≡≢⏩⏪","⏯⏳╓╔╙╚╟╠▶▷◀◁⚑⛄✂✔","✘❌⯪⯫ⱥⱭⴁⴂⴆⴎⴏⴝꜩﬂ🍖🔔"]},{"type":"bitmap","file":"betterhud:text_font2_33.png","ascent":-8433698,"height":16,"chars":["🪣"]},{"type":"bitmap","file":"betterhud:text_font2_34.png","ascent":-8433692,"height":24,"chars":["ÐĐđħŁƀƇƈƓƝƬƳǤǥʐʮ","ϔђћѶѷҊҋҌҍҞҠҤҥҨҩҲ","ҳҵҶҷӅӆӉӊӍӎӹӺԆԇԎԏ","ԤԥԦԧԨԩԬԭԮԯᶁᶃᶆᶇᶍᶎ","ᶏᶐᶒᶓᶕᶗᶙỻἸἾἿῚΊꚀꚁꚈ"]},{"type":"bitmap","file":"betterhud:text_font2_35.png","ascent":-8433692,"height":24,"chars":["ꚉꚊꚋꚎꚒꚓꚗꞕꟆ"]},{"type":"bitmap","file":"betterhud:text_font2_36.png","ascent":-8433698,"height":16,"chars":["˞͠ͱ҉ֱֲֳ؟آةدذه٤٥٪","ڈډڊڋڌڍڎڏڐە۶ߌߺງາຳ","ໄᐞᐥᑉᒼᕝᕪᴈᴦᴨᴩᴬᴮᴳᴴᴺ","ᴻᴽᴿᵁᵙᵠᵩᵸᶮᶯ῍῝⁄⁖ℴℷ","⇑⇞⇡⇧⇪∲⌃⌔⌷⍘⍛⍮⍸┎┏┑","┖┗┙┞┟┠┡┢┣┥╮╯▗▝▮▯","◖◗◜◝◞◟☇☓☨☾♗♝⚕⚬⚷❝","❬❭➧⟪⟫⤈⤉⤒⤓⥌⥔⥕⥘⥙⥜⥠","⥡⨍⨎⨐⨑⨒⨓⨕⨖⨘⨙⨚⨛⬆ⱶⱻ","ⱽⴶⵆⵤꜤꜥꜫꜭꞎꞧꟸﮂﮄﮆﮈ︣","ﺁﺂﺓﺩﺫﻠﻩ𐌄𐌅𐌋𐌚𐌛𐌜𝐈𝑡𝗜"]},{"type":"bitmap","file":"betterhud:text_font2_37.png","ascent":-8433698,"height":16,"chars":["𝗿𝚰𝟏𝟙𞸃𞸘𞸡𞸩𞸫𞸭𞸵𞸶"]},{"type":"bitmap","file":"betterhud:text_font2_38.png","ascent":-8433698,"height":16,"chars":["¤©®¼½¾ƁǉȡȵɄɎɏɚɝɷ","ʉωЂЉЖФШЫЮюљտփႡႢႥ","ႦႧႪႭႮႰႳႻჀჅლᛠᛢᛪᛳ…","‰※⁂⁈⁉₦₩₪₱₳₴₷₻℗←→","⇄∀∅∛∜∞≔⌀⌂⌘⌚⌛⏭⏮⏻⏼","╖╗╜╝╢╣░◎☂☃☄★☆☈☔☠","☻♫♬⚀⚁⚂⚃⚄⚅⚐⚓⚔⛨✉✎❄"]},{"type":"bitmap","file":"betterhud:text_font2_39.png","ascent":-8433698,"height":16,"chars":["❤⧈⭐⭘ⱱꜨﬀ�"]},{"type":"bitmap","file":"betterhud:text_font2_40.png","ascent":-8433692,"height":24,"chars":["ďĦŉƊƠơƢƣƤƯưƴʧʪʫʯ","ΆΈΉΌΎΏώҴҼҽҾҿӁӜӸԄ","ԅᵬᵭᵯᵰᵱᵲᵳᵴỚớỜờỞởỠ","ỡỢợỨứỪừỬửỮữỰựỺἻἽ","ὠὡὢὣὤὥὦὧὼώᾠᾡᾢᾣᾤᾥ"]},{"type":"bitmap","file":"betterhud:text_font2_41.png","ascent":-8433692,"height":24,"chars":["ᾦᾧῲῳῴῶῷⱢ"]},{"type":"bitmap","file":"betterhud:text_font2_42.png","ascent":-8433698,"height":16,"chars":["ʷͰͳͷͻͼͽϐϜϝϟϩϲϵ϶ѯ","ҁ҂҈ԁؤرزمو٢٦٨٩ۆۇۈ","ۋ۲۴۵۸۹߁߂߃߄߅߆߇߉ߕߖ","ߙߠ߬߯߰߱ໂໃᒤᒥᒦᒪᒫᓐᓒᓪ","ᕻᖦ᚛ᴌᴎᴐᴕᴣᴤᴯᴰᴹᴼᵜ‥ℇ","ℰ⅂⅃ⅎⅬⅲⅹⅽↄ↕↟↡↥↧↨↱","↳⇓⇕⇟⇣⇩⇫⇭⇳∤∦∪∱∳⊌⊍","⊎⋄⌄⌅⌆⌌⌍⌎⌏⌕⍝⍦⍷┒┓┚","┛┦┧┨┩┪┫▖▘▴▵▸▹▾▿◂","◃◊☝☟☿♄♇⚨⚪⚫⚱⚳❞❢❨❩","❱❵⟠⠉⠊⠋⠌⠍⠎⠏⠑⠒⠓⠔⠕⠖","⠗⠙⠚⠛⠜⠝⠞⠟⠡⠢⠣⠤⠥⠦⠧⠩","⠪⠫⠬⠭⠮⠯⠱⠲⠳⠴⠵⠶⠷⠹⠺⠻","⠼⠽⠾⠿⡈⡉⡊⡋⡌⡍⡎⡏⡐⡑⡒⡓","⡔⡕⡖⡗⡘⡙⡚⡛⡜⡝⡞⡟⡠⡡⡢⡣","⡤⡥⡦⡧⡨⡩⡪⡫⡬⡭⡮⡯⡰⡱⡲⡳"]},{"type":"bitmap","file":"betterhud:text_font2_43.png","ascent":-8433698,"height":16,"chars":["⡴⡵⡶⡷⡸⡹⡺⡻⡼⡽⡾⡿⢁⢂⢃⢄","⢅⢆⢇⢉⢊⢋⢌⢍⢎⢏⢑⢒⢓⢔⢕⢖","⢗⢙⢚⢛⢜⢝⢞⢟⢡⢢⢣⢤⢥⢦⢧⢩","⢪⢫⢬⢭⢮⢯⢱⢲⢳⢴⢵⢶⢷⢹⢺⢻","⢼⢽⢾⢿⣀⣁⣂⣃⣄⣅⣆⣇⣈⣉⣊⣋","⣌⣍⣎⣏⣐⣑⣒⣓⣔⣕⣖⣗⣘⣙⣚⣛","⣜⣝⣞⣟⣠⣡⣢⣣⣤⣥⣦⣧⣨⣩⣪⣫","⣬⣭⣮⣯⣰⣱⣲⣳⣴⣵⣶⣷⣸⣹⣺⣻","⣼⣽⣾⣿⤴⥯⧫⨏⨔⨜⬇⬍Ⱶⴺⵊⵢ","ⵯꓙꓝꓞꓡꓩꓱꓶꓺꓻ꓾꓿ꙅꜪꝼꞅ","ꟻ","הּךּלּףּרּכֿ","ﭬﭰﯗﯙﯛﯞﺅﺔﺭﺯﻓﻗﻡﻪﻭﻹ","ﻻ𐌁𐌂𐌃𐌇𐌊𐌒𐌓𝐉𝐟𝐭𝑛𝑟𝑠𝕔𝕗","𝕤𝕥𝖥𝖫𝖺𝖼𝗁𝗄𝗇𝗌𝗎𝗑𝗓𝗳𝘁𝙱","𝙲𝙳𝙴𝙵𝙷𝙸𝙹𝙺𝙻𝙽𝙿𝚂𝚄𝚊𝚋𝚌"]},{"type":"bitmap","file":"betterhud:text_font2_44.png","ascent":-8433698,"height":16,"chars":["𝚏𝚑𝚒𝚔𝚕𝚗𝚘𝚙𝚚𝚛𝚜𝚝𝚞𝚟𝚡𝚢","𝚣𝛊𝛛𝝣𝝴𝞊𝟚𝟛𝟣𝟤𝟥𝟧𝟩𝟶𝟷𝟸"]},{"type":"bitmap","file":"betterhud:text_font2_45.png","ascent":-8433698,"height":16,"chars":["𝟹𝟻𝟼𝟽𝟾𝟿𞸅𞸆𞸌𞸓𞸰𞸲"]},{"type":"bitmap","file":"betterhud:text_font2_46.png","ascent":-8433698,"height":16,"chars":["ЩҖ—‱⁗™⅓⅔⅛⅜⅝⅞↔⇏⇒⇔","─┬┴┼═╤╥╦╧╨╩╪╫╬▀▄"]},{"type":"bitmap","file":"betterhud:text_font2_47.png","ascent":-8433698,"height":16,"chars":["█▒▓☀☁☽⛈⛏ꜹꜻﬃ"]},{"type":"bitmap","file":"betterhud:text_font2_48.png","ascent":-8433692,"height":24,"chars":["ƕǶʦʨҦҧԂԃԈԉԊԋԔԕԖԗ","ԠԡԢԣᵺἈἉἎἏἘἙἨἩἮἯἺ","ἼὈὉὙὟὨὩὮᾈᾉᾎᾏᾘᾙᾞᾟ","ᾨᾩᾮᾺΆῈΈῊΉῪΎῬῸΌῺΏ"]},{"type":"bitmap","file":"betterhud:text_font2_49.png","ascent":-8433692,"height":24,"chars":["ꚅꚖꜽ"]},{"type":"bitmap","file":"betterhud:text_font2_50.png","ascent":-8433698,"height":16,"chars":["͜͟͢͝͞͡ϑϙϚϞϧϭϯϱϷϸ","ѫѮ٣٧ڑڒڔږڗژڙ۳۷߀ߋߍ","ߎߏߐߑߛߢߦߧ߸߹฿ກຄຈດຕ","ບປຣວອຽໆ໐໒໗ᑫᑬᑭᑮᑯᑰ","ᑲᑳᒉᒊᒋᒌᒍᒎᒐᒑᒣᒧᒨᓭᓯᓰ","ᓱᓲᓴᓵᔥᔦᔧᔨᔩᔪᔫᔭᔮᕈᕉᕊ","ᕋᕌᕍᖯ ᚜ᴃᴆᴖᴗᴙᴧᴪᴫᴭᵐ","ᵚᶬᶭ⁕⁘⁙ₘ℥KℯⅢⅩⅴⅾ↖↙","↯↰↲⇬⇮⇯∊∍⋔⋴⋷⋼⋾⌁⌑⌶","⌿⍀⍆⍊⍎⍏⍑⍕⍖⍡⍧⍨⍩⍪⍬⍭","⍱⍲⍴⎈␣▋▪▫☦⚭✓✝✞✟❮❰","❴➘➚➴➶⟂⤣⤤⤥⤦⤵⤶⤷⤾⥣⥥","⥼⥽⦃⦄⨯Ⱡⱪⱴⱺⴹⴻⵃⵅⵈⵉⵎ","ⵝⵟꓐꓑꓒꓗꓘꓢꓫꓭꓰꙩꜬꝁꝩꞇ","Ɥꞑꟼ","ﬠאּדּטּמּסּצּﮃ"]},{"type":"bitmap","file":"betterhud:text_font2_51.png","ascent":-8433698,"height":16,"chars":["ﮅﮇﮉﮊﮌﮐﮔﮘﮜﮬﮭﯕ︡ﺪﺬﻋ","ﻌﻏﻐﻛﻣﻫﻬﻵﻷ𐌐𐌖𐌗𐌘𐌢𝐚𝐜","𝐫𝐬𝐳𝐽𝐿𝑎𝑐𝑒𝑘𝑜𝑞𝑢𝑣𝑥𝑧𝔽","𝕊𝕒𝕖𝕜𝕠𝕩𝕫𝖡𝖤𝖪𝖯𝖲𝖷𝖻𝖽𝖾","𝗀𝗈𝗉𝗊𝗏𝗒𝗘𝗙𝗟𝗰𝗸𝘀𝘇𝙶𝙼𝙾","𝚀𝚁𝚅𝚇𝚈𝚉𝚍𝚎𝚐𝚖𝛃𝛆𝛇𝛏𝛒𝛓","𝛜𝛠𝝘𝝚𝝨𝝵𝝹𝝽𝞁𝞉𝟋𝟐𝟓𝟕𝟘𝟝","𝟠𝟢𝟨𝟪𝟫𝟮𝟯𝟱𝟳𝟺𞸯𞸻𞹡𞹩𞹭𞹵"]},{"type":"bitmap","file":"betterhud:text_font2_52.png","ascent":-8433698,"height":16,"chars":["𞹶𞹼"]},{"type":"bitmap","file":"betterhud:text_font2_53.png","ascent":-8433692,"height":24,"chars":["ÆæŒœǄǅǆǇǈǊǋǌǢǣǱǲ","ǳǼǽȸȹɶʣʤʥʩϓӔӕԘԙԪ","ԫᴂᴔᵫἊἋἌἍἚἛἜἝἪἫἬἭ","ἹὊὋὌὍὛὝὪὫὬὭὯᾊᾋᾌᾍ","ᾚᾛᾜᾝᾪᾫᾬᾭᾯ⁇₧₨₯№ℹ⅒","⅘①②③④⑤⑥⑦⑧⑨⑩⑪⑫⑬⑭⑮","⑯⑰⑱⑲⑳ⒶⒷⒸⒹⒺⒻⒼⒽⒾⒿⓀ","ⓁⓂⓃⓄⓅⓆⓇⓈⓉⓊⓋⓌⓍⓎⓏⓐ","ⓑⓒⓓⓔⓕⓖⓗⓘⓙⓚⓛⓜⓝⓞⓟⓠ","ⓡⓢⓣⓤⓥⓦⓧⓨⓩ⓪☐☑☒☜☞☮","☯⚠ꚄꜲꜳꜴꜵꜶꜷꜸꜺꜼꝎꝏꭣﬄ"]},{"type":"bitmap","file":"betterhud:text_font2_54.png","ascent":-8433692,"height":24,"chars":["ﬆﬓﬔﬕﬖﬗ"]},{"type":"bitmap","file":"betterhud:text_font2_55.png","ascent":-8433698,"height":16,"chars":["ͶϏϕϗϡϥϫϮϰϻϼ؆؇؉جح","خعغلنځڂڃڄڅچڇړڠڶڷ","ڸڹںڻڼڽھڿߜߝߡຂຊຍຖທ","ນຝຢລຮະແ໑໔໕໘໙ᑌᑍᑎᑏ","ᑱᒏᒩᒬᒲᒴᓮᓳᕓᕔᕕᕖᕞᕟᕠᕡ","ᕢᕣᕼᖕᖨᖩᖬᖭᚁᚆᚋᚐᚕᴝᴟᵂ","ᵆᵾ‒‗‾ℎℏℑℙ℟ℨℭℸℾⅇ↗","↘↴⇖⇙∏∐∗∟∷⊓⊔⊾⊿⋎⋏⌒","⌓⌵⌸⌹⌺⌻⌼⌽⌾⍁⍂⍃⍄⍅⍇⍈","⍉⍋⍌⍍⍐⍒⍓⍔⍗⍙⍚⍜⍞⍠⍢⍥","⍫⍯⍰⍶⍹⍺⎀⎁⎂⎃⎉⎊⎋⎕⏨┄","┅┈┉╌╍◽◾☌☤☥☬♁♃♓♖♘","♙♜♞♟♰♱♿⚘⚚⚟⚦⚲⚴⚵⛢✕","✦✧✶❡❥❯➲➷➹⟜⤊⤋⤡⤢⤧⤨","⤩⤪⤫⤬⤭⤮⤯⤰⤱⤲⤿⥮⨗⬁⬃⬉","⬋ⱣⱤⱨⱩⱬⱷⴰⴵⵄⵍⵓⵖⵘⵡꓠ"]},{"type":"bitmap","file":"betterhud:text_font2_56.png","ascent":-8433698,"height":16,"chars":["ꓣꓤꓧꓬꓴꓵꙄꜮꜯꝀꝆꝈꝐꝤꝦꝻ","ꞃꞄꞣꟹקּﭏﭭﭱﭲﭳﭴﭶ","ﭷﭸﭺﭻﭼﭾﭿﮀﮋﮍﮑﮕﮙﮝﮞﮠ","ﮪﮫﯖﯘﯚﯜﯟﺆﺝﺞﺟﺡﺢﺣﺥﺦ","ﺧﺮﺰﻉﻊﻍﻎﻔﻘﻜﻝﻢﻥﻮﻺﻼ","𐌕𝐒𝐝𝐞𝐮𝐱𝐴𝐵𝑃𝑅𝑏𝑑𝑓𝑔𝑝𝔹","𝔼𝕓𝕕𝕘𝕙𝕟𝕡𝕢𝕦𝕧𝕪𝖧𝖭𝖱𝖴𝖸","𝗦𝗮𝗯𝗵𝗻𝗽𝘂𝘃𝘅𝘆𝙰𝚃𝚆𝚠𝚺𝛌","𝛍𝛕𝛞𝝱𝝶𝝺𝞀𝞃𝞄𝞆𝞋𝞎𝟑𝟔𝟜𝟞","𝟟𝟡𝟦𝟭𝟲𝟴𞸂𞸇𞸋𞸍𞸏𞸗𞸛𞸝𞸤𞸬"]},{"type":"bitmap","file":"betterhud:text_font2_57.png","ascent":-8433698,"height":16,"chars":["ϒϤϦϨϬϹϽϾϿѥҀئكىيڕ","ڬڭڮڵیێېߟພຟມສຯ໓ᐁᐂ","ᐃᐄᐅᐆᐇᐉᐊᐋᐖᐛᐯᐰᐱᐲᐳᐴ","ᐵᐷᐸᐹᑈᑐᑑᑒᑔᑕᑖᒆᒈᒮᒯᒰ","ᒱᒶᒷᒸᒹᒺᓬᓶᓹᓻᓼᓾᔁᔃᔐᔑ","ᔒᔬᔯᔵᔷᕎᕒᕗᕘᕙᕚᕤᕥᕦᕧᖧ","ᖪᖫᗞᴁᴑᴒᴓᵽℂ℈ℒℕ℘ℝ℠℣","ÅℼℽⅤⅭⅮⅸⅺↁↃↅ↵↻⇗⇘⇾","⇿∆∇∔∠∡∢∬∯∸∹∺∻∼∽∿","≁≂≃≄≅≆≇≉≊≋≌≍≎≏≐≑","≒≓≖≗≘≙≚≛≜≝≞≟≣≦≧≨","≩≭≮≯≰≱≲≳≴≵≶≷≸≹≺≻","≼≽≾≿⊀⊁⊈⊉⊊⊋⊏⊐⊑⊒⊕⊖","⊗⊘⊙⊚⊛⊜⊝⊞⊟⊠⊡⊰⊱⊲⊳⊴","⊵⋇⋍⋐⋑⋒⋓⋕⋖⋗⋚⋛⋜⋝⋞⋟","⋠⋡⋢⋣⋤⋥⋦⋧⋨⋩⋪⋫⋬⋭⌐⌙"]},{"type":"bitmap","file":"betterhud:text_font2_58.png","ascent":-8433698,"height":16,"chars":["⍟␢━┭┮┯┰┱┲┳┵┶┷┸┹┺","┻┽┾┿╀╁╂╃╄╅╆╇╈╉╊╋","╱╲╳╼╾▊◻◼☧♆♌♕⚛⚜⚞⚧","✐✖✗✡✩✬✴✷❅❦➢➣➤➭➮➳","⥀⥁⥾⥿⧎⧺⧻⩪⩫⩽⩾⩿⪀⪁⪂⪃","⪄⪅⪆⪇⪈⪉⪊⪋⪌⪍⪎⪏⪐⪑⪒⪓","⪔⪕⪖⪗⪘⪙⪚⪛⪜⪝⪞⪟⪠⪮⪯⪰","⪱⪲⪳⪴⪵⪶⪷⪸⪹⪺⫹⫺⬀⬂⬈⬊","Ɒⴳⴴⴷⴸⴽⴿⵇⵒⵛⵞⵠ⸟ꓓꓔꓕ","ꓚꓛꓜꓥꓦꓨꓮꓯꓷꙫꝑꝗꝥꝧꝨꞐ","ꞡꞢꞥꞦ﬩שׁשּׁשּׂשּﯓﯤﯼﺉﻙﻤ","ﻯﻱﻶﻸ𐌀𐌡𐌣𝐋𝐛𝐠𝐡𝐤𝐧𝐨𝐩𝐪","𝐯𝐲𝐸𝐹𝑆𝑦𝕂𝕌𝕏𝕐𝖠𝖢𝖣𝖳𝖵𝖹","𝗕𝗖𝗛𝗞𝗡𝗣𝗥𝗧𝗨𝗭𝗱𝗲𝗴𝗼𝗾𝚵","𝛄𝛅𝛈𝛉𝛋𝛎𝛐𝛔𝛖𝛘𝝗𝝛𝝜𝝟𝝢𝝥","𝝦𝝩𝝯𝝰𝝲𝝳𝝷𝝻𝝼𝝾𝞅𝞇𝞌𝟎𝟒𝟖"]},{"type":"bitmap","file":"betterhud:text_font2_59.png","ascent":-8433698,"height":16,"chars":["𝟗𝟬𝟰𝟵𞸉𞸊𞸢𞸧𞸪𞸷𞹰𞹲𞹾🁢🁣🁤","🁥🁦🁧🁨🁩🁪🁫🁬🁭🁮🁯🁰🁱🁲🁳🁴","🁵🁶🁷🁸🁹🁺🁻🁼🁽🁾🁿🂀🂁🂂🂃🂄"]},{"type":"bitmap","file":"betterhud:text_font2_60.png","ascent":-8433698,"height":16,"chars":["🂅🂆🂇🂈🂉🂊🂋🂌🂍🂎🂏🂐🂑🂒🂓"]},{"type":"bitmap","file":"betterhud:text_font2_61.png","ascent":-8433698,"height":16,"chars":["ͲϘϣϪϴϺѡѧѪѭѻѿقٯڧڨ","ߒຜຫ໖ᐌᐎᐐᐺᐼᐾᑴᑵᑶᑷᑸᑹ","ᑺᑻᑼᑽᑾᑿᒀᒁᒂᒅᒇᒒᒓᒔᒕᒖ","ᒗᒘᒙᒚᒛᒜᒝᒞᒟᒠᒭᒳᒵᓷᓸᓺ","ᓽᓿᔀᔂᔄᔰᔱᔲᔳᔴᔶᔸᔹᔺᔻᔼ","ᔽᕏᕵᕶᕹᕺᖅᖋᖍᴥᵿ⁛℄ℌℍℚ","ℛ℞ℤΩ℧ℬℱℵℶℿⅆⅯⅳⅵ↣↸","↺⇅⇈⇲∾⊣⊩⊪⊫⊬⊭⊮⊯⋂⋳⋵","⋶⋸⋹⋻⋽⋿⌬⍵⍽⏣▉►▻◢◣◤","◬◭◮◸◺◿☖☗☙☚☛☡☢☪☭♅","♉♊♋♑♒♔♚♛♨♲♻⚙⚰✒✱✲","✵✸✹✻✼✽✾❃❆❇❖❧➯➱➵➸","➻➼➽⟱⤐⤔⤕⤖⤗⤘⤚⤜⤳⤻⥄⥋","⥐⥞⬡⬢ⱧⱫⱮⴼⵌⵐⵜⵣⵥꓖꓟꓳ","ꙕꙗꙨꝋꝒꝓꝖꞂꞆꞤꟽ","ﬡﬢﬣﬤﬥﬦﬧﬨﭵﭹﭽﮁﮟﮡﺠﺤ"]},{"type":"bitmap","file":"betterhud:text_font2_62.png","ascent":-8433698,"height":16,"chars":["ﺨﻕﻞﻦ𐌍𐌑𐌞𝐀𝐂𝐄𝐅𝐏𝐓𝐗𝐙𝐶","𝐷𝐺𝐾𝑇𝑋𝑌𝑍𝔸𝔻𝔾𝕆𝕍𝖦𝖬𝖮𝖰","𝗔𝗗𝗚𝗫𝗬𝚨𝚪𝚫𝚬𝚭𝚲𝚸𝚻𝚾𝛁𝛂","𝛑𝝖𝝙𝝠𝝪𝝬𝝿𝞂𝞍𝟊𞸒𞸟𞹤𞹪𞹬𞹯"]},{"type":"bitmap","file":"betterhud:text_font2_63.png","ascent":-8433698,"height":16,"chars":["𞹻"]},{"type":"bitmap","file":"betterhud:text_font2_64.png","ascent":-8433698,"height":16,"chars":["ϖϠبتثطظٮٹٺٻټٽپٿڀ","ڟߘߚᐍᐏᐑᐗᐙᐭᐻᐽᐿᑀᑂᑄᑆ","ᑗᑘᑙᑚᑛᑜᑝᑟᑧᑨᑩᓁᓂᓃᓇᓈ","ᓌᓎᓏᓔᓕᓖᓚᓛᔗᔙᔛᕂᕅᕆᕇᕴ","ᕷᕸᖊᖌᖠᖡᖤᖥᚂᚇᚌᚑᚚᴞ⁜℔","ℜ℮⅀ⅅⅨⅪ↚↛↞↠↢↤↦↩↪↫","↬↭↮↶↷↹↼↽⇀⇁⇆⇇⇉⇊⇋⇌","⇍⇎⇐⇚⇛⇜⇝⇠⇢⇤⇥⇦⇨⇰⇱⇴","⇶⇷⇸⇹⇺⇻⇼⇽⊸⊹⋁⏎⏥▢▣▤","▥▦▧▨▩▬▭▰▱◄◅◈◠◥◧◨","◩◪◫◰◱◲◳◹☉☊☕☘☩☫☸☼","♍♎♐♳♴♵♶♷♸♹♺♼♽♾⚆⚇","⚈⚉⚊⚋⚌⚍⚎⚏⚒⚮⚶⛀⛁⛂⛃✁","✃✆✇✈✍✏✑✙✚✛✜✠✢✣✤✥","✪✫✭✮✯✰✳✺✿❀❁❂❈❉❊❋","❶❷❸❹❺❻❼❽❾❿➔➙➛➜➝➞"]},{"type":"bitmap","file":"betterhud:text_font2_65.png","ascent":-8433698,"height":16,"chars":["➟➠➡➥➦➨➩➪➫➬➺➾⟰⟳⤀⤁","⤂⤃⤄⤅⤆⤇⤌⤍⤎⤏⤑⤙⤛⤝⤞⤟","⤠⤺⤼⤽⥂⥃⥅⥆⥇⥈⥊⥎⥒⥓⥖⥗","⥚⥛⥟⥢⥤⥦⥧⥨⥩⥪⥫⥬⥭⥰⥱⥲","⥳⥴⥵⥶⥸⥹⥻⬄⬅⬌⬎⬏⬐⬑⬒⬓","⬔⬕⬖⬗⬘⬙⬚䷀䷁䷂䷃䷄䷅䷆䷇䷈","䷉䷊䷋䷌䷍䷎䷏䷐䷑䷒䷓䷔䷕䷖䷗䷘","䷙䷚䷛䷜䷝䷞䷟䷠䷡䷢䷣䷤䷥䷦䷧䷨","䷩䷪䷫䷬䷭䷮䷯䷰䷱䷲䷳䷴䷵䷶䷷䷸","䷹䷺䷻䷼䷽䷾䷿ꙪꝊꞠꞪꟺﭒﭖﭚ","ﭞﭢﭦﯔﯥﯽﺊﺏﺕﺙﻁﻃﻅﻇﻚﻰ","ﻲ𐌈𐌎𐌏𐌙𝌀𝌁𝌂𝌃𝌄𝌅𝌆𝌇𝌈𝌉𝌊","𝌋𝌌𝌍𝌎𝌏𝌐𝌑𝌒𝌓𝌔𝌕𝌖𝌗𝌘𝌙𝌚","𝌛𝌜𝌝𝌞𝌟𝌠𝌡𝌢𝌣𝌤𝌥𝌦𝌧𝌨𝌩𝌪","𝌫𝌬𝌭𝌮𝌯𝌰𝌱𝌲𝌳𝌴𝌵𝌶𝌷𝌸𝌹𝌺","𝌻𝌼𝌽𝌾𝌿𝍀𝍁𝍂𝍃𝍄𝍅𝍆𝍇𝍈𝍉𝍊"]},{"type":"bitmap","file":"betterhud:text_font2_66.png","ascent":-8433698,"height":16,"chars":["𝍋𝍌𝍍𝍎𝍏𝍐𝍑𝍒𝍓𝍔𝍕𝍖𝐁𝐆𝐑𝐘","𝑂𝑄𝑈𝑉𝑚𝑤𝕋𝗐𝗢𝗤𝗩𝚩𝚼𝛝𝝝𝝤"]},{"type":"bitmap","file":"betterhud:text_font2_67.png","ascent":-8433698,"height":16,"chars":["𝝧𝝫𝝭𞸁𞸈𞸕𞸖𞸚𞸜𞹢𞹧𞹷"]},{"type":"bitmap","file":"betterhud:text_font2_68.png","ascent":-8433698,"height":16,"chars":["ѤѦѰѱѹ؊کګگڰڱڲڳڴᐒᐓ","ᐔᐕᐬᑞᑠᑡᑢᑣᑤᑥᑪᓀᓄᓅᓆᓓ","ᓗᓘᓙᔓᔔᔕᔖᔘᔚᔜᔞᔠᔢᔤᕃᕄ","ᕛᕨᕩᖑᖒᖢᖣᚖᚗ℉℡ⅣⅥⅻⅿ↜","↝≕⋈⋉⋊⋋⋌⋯⋰⋱⎔▁▂▃▅▆","▇▔▙▚▛▜▞▟◉◌◍◐◑◒◓◔","◕◙◚◛◡◴◵◶◷☋☣♈♏⚖⚢⚩","⚯✄❍❏❐❑❒➀➁➂➃➄➅➆➇➈","➉➊➋➌➍➎➏➐➑➒➓⟲⧏⧐⧑⧒","⧓⧔⧕⬟⬠⬣⭓⭔ⴱⴲⵀⵁⵔⵕⵙⵚ","ꙑꙣꙥꙮﮎﮒ","ﮖﮚﺳﺷﺻﺿﻖ𝐃𝐊𝐍𝐎𝐐𝐔𝐕𝐻𝑁","𝕄𝕨𝗆𝗠𝚯𝚱𝚴𝚶𝚹𝚽𝛀𝛗𝝡𝝮𝞈𝞏","𞸮𞸴🂠🂡🂢🂣🂤🂥🂦🂧🂨🂩🂪🂫🂬🂭","🂮🂱🂲🂳🂴🂵🂶🂷🂸🂹🂺🂻🂼🂽🂾🃁","🃂🃃🃄🃅🃆🃇🃈🃉🃊🃋🃌🃍🃎🃏🃑🃒"]},{"type":"bitmap","file":"betterhud:text_font2_69.png","ascent":-8433698,"height":16,"chars":["🃓🃔🃕🃖🃗🃘🃙🃚🃛🃜🃝🃞🃟"]},{"type":"bitmap","file":"betterhud:text_font2_70.png","ascent":-8433698,"height":16,"chars":["ϢѠѨѩѬѺѽѾسشصضفښڛڜ","ڝڞڡڢڣڤڥڦڪໜໝᐘᐚᑁᑃᑅ","ᑇᓉᓋᓍᓜᓞᓠᓢᓤᓦᓨᔝᔟᔡᔣᕜ","ᕾᕿᖀᖁᖂᖃᖄᖎᖏᖐᖓᖔᖖᙯᙰᙱ","ᙲᙳᙴᙵᙶ‿⁀⁐⁔℃℺℻Ⅻⅶⅷ∭","∰≪≫⋀⋘⋙⌤⌥⌦⌧⎇☍☎☏⚣⚤","⥷⥺⨌ⵋꙍꙐꙖꙦꙧﭓﭗﭛﭟﭣ","ﭧﭪﭫﭮﭯﮏﮓﮗﮛﺐﺖﺚﺱﺲﺵﺶ","ﺹﺺﺽﺾﻂﻄﻆﻈﻑﻒ𐌌𝐇𝑀𝑊𝕞𝗺","𝘄𝚮𝚷𝚿𝛙𝛚𝛟𝛡𞸎𞸐𞸑𞸔𞸙𞸞𞸱𞸹","𞹨𞹮𞹱𞹴𞹹𞹺🀰🀱🀲🀳🀴🀵🀶🀷🀸🀹","🀺🀻🀼🀽🀾🀿🁀🁁🁂🁃🁄🁅🁆🁇🁈🁉","🁊🁋🁌🁍🁎🁏🁐🁑🁒🁓🁔🁕🁖🁗🁘🁙","🁚🁛🁜🁝🁞🁟🁠🁡🌑🌒🌓🌔🌕🌖🌗🌘","🐭🐵😀😁😃😄😅😆😇😈😉😊😋😌😍😎","😏😐😑😒😓😔😕😖😗😘😙😚😛😜😝😞"]},{"type":"bitmap","file":"betterhud:text_font2_71.png","ascent":-8433698,"height":16,"chars":["😟😠😡😢😣😥😦😧😨😩😪😫😮😯😰😲"]},{"type":"bitmap","file":"betterhud:text_font2_72.png","ascent":-8433698,"height":16,"chars":["😳😴😵😶😷🙃"]},{"type":"bitmap","file":"betterhud:text_font2_73.png","ascent":-8433698,"height":16,"chars":["ѸѼᐫᐮᓊᓝᓟᓡᓣᓥᓧᓩ⁓℀℁℅","℆ℋℳⅦⅧↀↂ⊶⊷⋲⋺⌨⌫◯⟴⟵","⟶⟷⟸⟹⟺⟻⟼⟽⟾⟿⨀⨁⨂⬤Ⱳⱳ","ꓪꙌꙔꙢꙤꙬꙭꚘꚙꟿﺴﺸﺼﻀ𝐌","𝐦𝐰𝕎𝖶𝗪𝚳🐮🐱😂😭😱😸😹😺😻😼"]},{"type":"bitmap","file":"betterhud:text_font2_74.png","ascent":-8433698,"height":16,"chars":["😽😾😿🙀"]},{"type":"bitmap","file":"betterhud:text_font2_75.png","ascent":-8433698,"height":16,"chars":["ᚃᚄᚅᚈᚉᚊᚍᚎᚏᚒᚓᚔᚘᚙ―𝐖"]}]}