{"providers":[{"type":"space","advances":{" ":4}},{"type":"bitmap","file":"betterhud:text_font4_1.png","ascent":-8433695,"height":16,"chars":["ʻʼ˘˙˛˷̣̥̦̆̇̕"]},{"type":"bitmap","file":"betterhud:text_font4_2.png","ascent":-8433695,"height":16,"chars":["!',.`¡·¸÷ˆˇˋ˜˝̀̂"]},{"type":"bitmap","file":"betterhud:text_font4_3.png","ascent":-8433695,"height":16,"chars":["̧̃̌‘’‚‹›∙"]},{"type":"bitmap","file":"betterhud:text_font4_4.png","ascent":-8433695,"height":16,"chars":["*/:;[\\]^°¹˚̊̐"]},{"type":"bitmap","file":"betterhud:text_font4_5.png","ascent":-8433695,"height":16,"chars":["\">Ii{}~¨«²³»ÌÍÎÏ","ìíîïĨĩĪīĬĭĮįİıˉˍ"]},{"type":"bitmap","file":"betterhud:text_font4_6.png","ascent":-8433695,"height":16,"chars":["̤̱̄̈⁴"]},{"type":"bitmap","file":"betterhud:text_font4_7.png","ascent":-8433695,"height":16,"chars":["()1•"]},{"type":"bitmap","file":"betterhud:text_font4_8.png","ascent":-8433695,"height":16,"chars":["<=_¤×“”„≈≡≤≥"]},{"type":"bitmap","file":"betterhud:text_font4_9.png","ascent":-8433695,"height":16,"chars":["347LZl§¶ĹĺĻļĽľĿŀ","ŁłŹźŻżŽžḶḷḸḹḺḻẒẓ"]},{"type":"bitmap","file":"betterhud:text_font4_10.png","ascent":-8433695,"height":16,"chars":["†‡⁄∕"]},{"type":"bitmap","file":"betterhud:text_font4_11.png","ascent":-8433695,"height":16,"chars":["#$%&025689?BCDEF","GJOPQSTcefgjopqs","tz¢£¼½¿ÇÈÉÊËÒÓÔÕ","ÖØÞçèéêëðòóôõöøþ","ĆćĈĉĊċČčĎĒēĔĕĖėĘ","ęĚěĜĝĞğĠġĢģĴĵŌōŎ","ŏŐőŚśŜŝŞşŠšŢţŤŦŧ","ȘșȚțȷḌṢṣṬṭẼẽ₣₤€⅓"]},{"type":"bitmap","file":"betterhud:text_font4_12.png","ascent":-8433695,"height":16,"chars":["@HKNRUVXYbdhknru","vxy¥µÐÑÙÚÛÜÝñùúû","üýÿĐđĤĥĶķŃńŅņŇňŔ","ŕŖŗŘřŨũŪūŬŭŮůŰűŲ","ųŶŷŸȲȳḍḤḥḲḳṄṅṆṇṈ"]},{"type":"bitmap","file":"betterhud:text_font4_13.png","ascent":-8433695,"height":16,"chars":["ṉṘṙṚṛṜṝṞṟỲỳỴỵ"]},{"type":"bitmap","file":"betterhud:text_font4_14.png","ascent":-8433695,"height":16,"chars":["Aa®¾ÀÁÂÃÄÅàáâãäå"]},{"type":"bitmap","file":"betterhud:text_font4_15.png","ascent":-8433695,"height":16,"chars":["ĀāĂăĄąďĦħŉ⅔"]},{"type":"bitmap","file":"betterhud:text_font4_16.png","ascent":-8433695,"height":16,"chars":["MWmw©ťŴŵṀṁṂṃẀẁẂẃ"]},{"type":"bitmap","file":"betterhud:text_font4_17.png","ascent":-8433695,"height":16,"chars":["ẄẅẈẉ"]},{"type":"bitmap","file":"betterhud:text_font4_18.png","ascent":-8433695,"height":16,"chars":["ÆßæĲĳŒœẞ"]},{"type":"bitmap","file":"betterhud:text_font4_19.png","ascent":-8433695,"height":16,"chars":["…™"]}]}