{
	"textures": {
		"0": "minecraft:custom/vampire"
	},
	"display": {
		"head": {
			"rotation": [0, 180, 0]
		}
	},
	"elements": [
		{
			"from": [7.1625, -1.375, 6.225],
			"to": [10.7125, 4.375, 9.775],
			"rotation": {
				"angle": 0,
				"axis": "y",
				"origin": [-4.1875, -12.625, 0.5]
			},
			"faces": {
				"north": {
					"uv": [11, 6.5, 12, 8],
					"texture": "#0"
				},
				"east": {
					"uv": [10, 6.5, 11, 8],
					"texture": "#0"
				},
				"south": {
					"uv": [13, 6.5, 14, 8],
					"texture": "#0"
				},
				"west": {
					"uv": [12, 6.5, 13, 8],
					"texture": "#0"
				},
				"up": {
					"uv": [12, 5, 11, 4],
					"texture": "#0"
				},
				"down": {
					"uv": [13, 4, 12, 5],
					"texture": "#0"
				}
			}
		},
		{
			"from": [7.0625, 4.375, 6.125],
			"to": [10.8125, 9.875, 9.875],
			"rotation": {
				"angle": 0,
				"axis": "y",
				"origin": [-4.1875, -12.625, 0.5]
			},
			"faces": {
				"north": {
					"uv": [11, 5, 12, 6.5],
					"texture": "#0"
				},
				"east": {
					"uv": [10, 5, 11, 6.5],
					"texture": "#0"
				},
				"south": {
					"uv": [13, 5, 14, 6.5],
					"texture": "#0"
				},
				"west": {
					"uv": [12, 5, 13, 6.5],
					"texture": "#0"
				},
				"up": {
					"uv": [12, 5, 11, 4],
					"texture": "#0"
				},
				"down": {
					"uv": [12, 4, 11, 5],
					"texture": "#0"
				}
			}
		},
		{
			"from": [-5.4375, 1.625, 8.625],
			"to": [7.3125, 10.125, 8.625],
			"rotation": {
				"angle": 0,
				"axis": "y",
				"origin": [5.3125, 15.625, 4.25]
			},
			"faces": {
				"north": {
					"uv": [2.5, 8.25, 0, 11.5],
					"texture": "#0"
				},
				"east": {
					"uv": [10, 5, 11, 6.5],
					"texture": "#0"
				},
				"south": {
					"uv": [2, 8.25, 0, 11.75],
					"rotation": 90,
					"texture": "#0"
				},
				"west": {
					"uv": [12, 5, 13, 6.5],
					"texture": "#0"
				},
				"up": {
					"uv": [12, 5, 11, 4],
					"texture": "#0"
				},
				"down": {
					"uv": [12, 4, 11, 5],
					"texture": "#0"
				}
			}
		}
	]
}