{
	"textures": {
		"0": "minecraft:custom/vampire"
	},
	"display": {
		"head": {
			"rotation": [0, 180, 0]
		}
	},
	"elements": [
		{
			"from": [6.125, 2.5, 6.125],
			"to": [9.875, 8, 9.875],
			"rotation": {
				"angle": 0,
				"axis": "y",
				"origin": [2.28125, -3.25, 0.40625]
			},
			"faces": {
				"north": {
					"uv": [5, 13, 6, 14.5],
					"texture": "#0"
				},
				"east": {
					"uv": [4, 13, 5, 14.5],
					"texture": "#0"
				},
				"south": {
					"uv": [7, 13, 8, 14.5],
					"texture": "#0"
				},
				"west": {
					"uv": [6, 13, 7, 14.5],
					"texture": "#0"
				},
				"up": {
					"uv": [6, 13, 5, 12],
					"texture": "#0"
				},
				"down": {
					"uv": [7, 12, 6, 13],
					"texture": "#0"
				}
			}
		}
	]
}