{
	"textures": {
		"0": "minecraft:custom/vampire"
	},
	"display": {
		"head": {
			"rotation": [0, 180, 0]
		}
	},
	"elements": [
		{
			"from": [6.125, 2.5, 6.125],
			"to": [9.875, 8, 9.875],
			"rotation": {
				"angle": 0,
				"axis": "y",
				"origin": [-1.28125, -3.25, 0.40625]
			},
			"faces": {
				"north": {
					"uv": [1, 5, 2, 6.5],
					"texture": "#0"
				},
				"east": {
					"uv": [0, 5, 1, 6.5],
					"texture": "#0"
				},
				"south": {
					"uv": [3, 5, 4, 6.5],
					"texture": "#0"
				},
				"west": {
					"uv": [2, 5, 3, 6.5],
					"texture": "#0"
				},
				"up": {
					"uv": [2, 5, 1, 4],
					"texture": "#0"
				},
				"down": {
					"uv": [3, 4, 2, 5],
					"texture": "#0"
				}
			}
		}
	]
}