{
	"textures": {
		"0": "minecraft:custom/iron_golem"
	},
	"display": {
		"head": {
			"rotation": [0, 180, 0]
		}
	},
	"elements": [
		{
			"from": [5.9375, -1.71875, 6.3125],
			"to": [8.1875, 8.40625, 9.6875],
			"rotation": {
				"angle": 0,
				"axis": "y",
				"origin": [11.75, -10.4375, 8]
			},
			"faces": {
				"north": {
					"uv": [8.25, 8, 8.75, 10.25],
					"texture": "#0"
				},
				"east": {
					"uv": [7.5, 8, 8.25, 10.25],
					"texture": "#0"
				},
				"south": {
					"uv": [9.5, 8, 10, 10.25],
					"texture": "#0"
				},
				"west": {
					"uv": [8.75, 8, 9.5, 10.25],
					"texture": "#0"
				},
				"up": {
					"uv": [8.75, 8, 8.25, 7.25],
					"texture": "#0"
				},
				"down": {
					"uv": [9.25, 7.25, 8.75, 8],
					"texture": "#0"
				}
			}
		}
	]
}