{
	"textures": {
		"0": "minecraft:custom/pig"
	},
	"elements": [
		{
			"from": [6, 2, 6],
			"to": [10, 8, 10],
			"rotation": {
				"angle": 0,
				"axis": "y",
				"origin": [11, 2, 13]
			},
			"faces": {
				"north": {
					"uv": [1, 5, 2, 6.5],
					"texture": "#0"
				},
				"east": {
					"uv": [0, 5, 1, 6.5],
					"texture": "#0"
				},
				"south": {
					"uv": [3, 5, 4, 6.5],
					"texture": "#0"
				},
				"west": {
					"uv": [2, 5, 3, 6.5],
					"texture": "#0"
				},
				"up": {
					"uv": [2, 5, 1, 4],
					"texture": "#0"
				},
				"down": {
					"uv": [3, 4, 2, 5],
					"texture": "#0"
				}
			}
		}
	],
	"display": {
		"head": {
			"rotation": [0, 180, 0]
		}
	}
}