{
	"textures": {
		"2": "minecraft:custom/chest_mob/shulker_mob"
	},
	"display": {
		"head": {
			"rotation": [0, 180, 0]
		}
	},
	"elements": [
		{
			"from": [7.75, 8, 7.975],
			"to": [9.25, 8.5, 7.975],
			"rotation": {
				"angle": 0,
				"axis": "y",
				"origin": [8, 7.75, 10]
			},
			"faces": {
				"north": {
					"uv": [1.5, 15, 3, 15.25],
					"texture": "#2"
				},
				"east": {
					"uv": [0, 14.5, 1.5, 16],
					"texture": "#2"
				},
				"south": {
					"uv": [4.5, 14.5, 6, 16],
					"texture": "#2"
				},
				"west": {
					"uv": [3, 14.5, 4.5, 16],
					"texture": "#2"
				},
				"up": {
					"uv": [1.5, 13, 3, 14.5],
					"texture": "#2"
				},
				"down": {
					"uv": [3, 13, 4.5, 14.5],
					"texture": "#2"
				}
			}
		}
	]
}