{
	"textures": {
		"0": "minecraft:custom/impossible_dragon/impossible_dragon"
	},
	"display": {
		"head": {
			"rotation": [0, 180, 0]
		}
	},
	"elements": [
		{
			"from": [8, 8, 8.8],
			"to": [30.4, 8, 31.2],
			"faces": {
				"north": {
					"uv": [0, 12.5, 3.5, 12.5],
					"texture": "#0"
				},
				"east": {
					"uv": [-3.5, 12.5, 0, 12.5],
					"texture": "#0"
				},
				"south": {
					"uv": [7, 12.5, 10.5, 12.5],
					"texture": "#0"
				},
				"west": {
					"uv": [3.5, 12.5, 7, 12.5],
					"texture": "#0"
				},
				"up": {
					"uv": [3.5, 12.5, 0, 9],
					"texture": "#0"
				},
				"down": {
					"uv": [3.5, 9, 0, 12.5],
					"texture": "#0"
				}
			}
		},
		{
			"from": [8, 7.2, 7.2],
			"to": [30.4, 8.8, 8.8],
			"faces": {
				"north": {
					"uv": [7.25, 8.75, 10.75, 9],
					"texture": "#0"
				},
				"east": {
					"uv": [7, 8.75, 7.25, 9],
					"texture": "#0"
				},
				"south": {
					"uv": [11, 8.75, 14.5, 9],
					"texture": "#0"
				},
				"west": {
					"uv": [10.75, 8.75, 11, 9],
					"texture": "#0"
				},
				"up": {
					"uv": [10.75, 8.75, 7.25, 8.5],
					"texture": "#0"
				},
				"down": {
					"uv": [14.25, 8.5, 10.75, 8.75],
					"texture": "#0"
				}
			}
		}
	]
}