{
	"textures": {
		"0": "minecraft:custom/impossible_dragon/impossible_dragon"
	},
	"display": {
		"head": {
			"rotation": [0, 180, 0]
		}
	},
	"elements": [
		{
			"from": [3, 3, 3],
			"to": [13, 13, 13],
			"rotation": {
				"angle": 0,
				"axis": "y",
				"origin": [8, 8, 8]
			},
			"faces": {
				"north": {
					"uv": [12.625, 7.125, 13.25, 7.75],
					"texture": "#0"
				},
				"east": {
					"uv": [12, 7.125, 12.625, 7.75],
					"texture": "#0"
				},
				"south": {
					"uv": [13.875, 7.125, 14.5, 7.75],
					"texture": "#0"
				},
				"west": {
					"uv": [13.25, 7.125, 13.875, 7.75],
					"texture": "#0"
				},
				"up": {
					"uv": [13.25, 7.125, 12.625, 6.5],
					"texture": "#0"
				},
				"down": {
					"uv": [13.875, 6.5, 13.25, 7.125],
					"texture": "#0"
				}
			}
		},
		{
			"from": [7, 13, 5],
			"to": [9, 17, 11],
			"faces": {
				"north": {
					"uv": [3.375, 0.375, 3.5, 0.625],
					"texture": "#0"
				},
				"east": {
					"uv": [3, 0.375, 3.375, 0.625],
					"texture": "#0"
				},
				"south": {
					"uv": [3.875, 0.375, 4, 0.625],
					"texture": "#0"
				},
				"west": {
					"uv": [3.5, 0.375, 3.875, 0.625],
					"texture": "#0"
				},
				"up": {
					"uv": [3.5, 0.375, 3.375, 0],
					"texture": "#0"
				},
				"down": {
					"uv": [3.625, 0, 3.5, 0.375],
					"texture": "#0"
				}
			}
		}
	]
}