{
	"textures": {
		"0": "minecraft:custom/impossible_dragon/impossible_dragon"
	},
	"display": {
		"head": {
			"rotation": [0, 180, 0]
		}
	},
	"elements": [
		{
			"from": [3, 3, 3],
			"to": [13, 13, 13],
			"rotation": {
				"angle": 0,
				"axis": "y",
				"origin": [8, 3, 21]
			},
			"faces": {
				"north": {
					"uv": [9.9375, 15.375, 10.5625, 16],
					"texture": "#0"
				},
				"east": {
					"uv": [9.3125, 15.375, 9.9375, 16],
					"texture": "#0"
				},
				"south": {
					"uv": [11.1875, 15.375, 11.8125, 16],
					"texture": "#0"
				},
				"west": {
					"uv": [10.5625, 15.375, 11.1875, 16],
					"texture": "#0"
				},
				"up": {
					"uv": [10.5625, 15.375, 9.9375, 14.75],
					"texture": "#0"
				},
				"down": {
					"uv": [11.1875, 14.75, 10.5625, 15.375],
					"texture": "#0"
				}
			}
		},
		{
			"from": [7, 13, 5],
			"to": [9, 17, 11],
			"rotation": {
				"angle": 0,
				"axis": "y",
				"origin": [8, 3, 21]
			},
			"faces": {
				"north": {
					"uv": [3.375, 0.375, 3.5, 0.625],
					"texture": "#0"
				},
				"east": {
					"uv": [3, 0.375, 3.375, 0.625],
					"texture": "#0"
				},
				"south": {
					"uv": [3.875, 0.375, 4, 0.625],
					"texture": "#0"
				},
				"west": {
					"uv": [3.5, 0.375, 3.875, 0.625],
					"texture": "#0"
				},
				"up": {
					"uv": [3.5, 0.375, 3.375, 0],
					"texture": "#0"
				},
				"down": {
					"uv": [3.625, 0, 3.5, 0.375],
					"texture": "#0"
				}
			}
		}
	]
}