{
	"textures": {
		"0": "minecraft:custom/impossible_dragon/impossible_dragon"
	},
	"display": {
		"head": {
			"rotation": [0, 180, 0]
		}
	},
	"elements": [
		{
			"from": [3.03376, 3.74322, 3.74322],
			"to": [12.96624, 13.6757, 11.54731],
			"rotation": {
				"angle": 0,
				"axis": "y",
				"origin": [8, 5.16215, 17.22301]
			},
			"faces": {
				"north": {
					"uv": [14.4375, 13.9375, 15, 14.5],
					"texture": "#0"
				},
				"east": {
					"uv": [15.4375, 13.9375, 15, 14.5],
					"texture": "#0"
				},
				"south": {
					"uv": [14.4375, 13.9375, 15, 14.5],
					"texture": "#0"
				},
				"west": {
					"uv": [15.4375, 13.9375, 15, 14.5],
					"texture": "#0"
				},
				"up": {
					"uv": [15, 13.9375, 15.4375, 14.5],
					"rotation": 90,
					"texture": "#0"
				},
				"down": {
					"uv": [15, 13.9375, 15.4375, 14.5],
					"rotation": 90,
					"texture": "#0"
				}
			}
		},
		{
			"from": [4.45269, 5.16215, 11.54731],
			"to": [11.54731, 12.25678, 17.22301],
			"rotation": {
				"angle": 0,
				"axis": "y",
				"origin": [8, 5.16215, 25.0271]
			},
			"faces": {
				"north": {
					"uv": [15.5625, 13.4375, 16, 13.875],
					"texture": "#0"
				},
				"east": {
					"uv": [15.5625, 13.4375, 15.25, 13.875],
					"texture": "#0"
				},
				"south": {
					"uv": [15.5625, 13.4375, 16, 13.875],
					"rotation": 270,
					"texture": "#0"
				},
				"west": {
					"uv": [15.5625, 13.4375, 15.25, 13.875],
					"texture": "#0"
				},
				"up": {
					"uv": [15.5625, 13.4375, 15.25, 13.875],
					"rotation": 270,
					"texture": "#0"
				},
				"down": {
					"uv": [15.5625, 13.4375, 15.25, 13.875],
					"rotation": 270,
					"texture": "#0"
				}
			}
		},
		{
			"from": [8, 10.83785, 3.74322],
			"to": [8.03547, 19.3514, 20.77033],
			"rotation": {
				"angle": 0,
				"axis": "y",
				"origin": [8, 8.70946, 17.22301]
			},
			"faces": {
				"east": {
					"uv": [12.5625, 14.5, 14.1875, 15.375],
					"texture": "#0"
				},
				"west": {
					"uv": [14.1875, 14.5, 12.5625, 15.375],
					"texture": "#0"
				}
			}
		},
		{
			"from": [8.70946, 12.55064, 4.45269],
			"to": [8.7272, 21.06419, 21.47979],
			"rotation": {
				"angle": -45,
				"axis": "z",
				"origin": [8.70946, 9.41893, 17.93248]
			},
			"faces": {
				"east": {
					"uv": [12, 12.125, 13.875, 13.1875],
					"texture": "#0"
				},
				"west": {
					"uv": [13.875, 12.125, 12, 13.1875],
					"texture": "#0"
				}
			}
		},
		{
			"from": [-2.93581, 9.41893, 3.74322],
			"to": [5.57775, 9.4544, 20.77033],
			"rotation": {
				"angle": 0,
				"axis": "y",
				"origin": [8.70946, 9.41893, 17.22301]
			},
			"faces": {
				"up": {
					"uv": [12, 12.125, 13.875, 13.1875],
					"rotation": 270,
					"texture": "#0"
				},
				"down": {
					"uv": [13.875, 12.125, 12, 13.1875],
					"rotation": 270,
					"texture": "#0"
				}
			}
		},
		{
			"from": [8.70946, -0.80742, 8],
			"to": [8.7272, 6.28721, 20.77033],
			"rotation": {
				"angle": 0,
				"axis": "y",
				"origin": [8.70946, 9.41893, 21.47979]
			},
			"faces": {
				"east": {
					"uv": [13.875, 12.125, 12, 13.1875],
					"rotation": 180,
					"texture": "#0"
				},
				"west": {
					"uv": [12, 12.125, 13.875, 13.1875],
					"rotation": 180,
					"texture": "#0"
				}
			}
		},
		{
			"from": [8.03547, 20.35473, 21.47979],
			"to": [8, 11.84118, 4.45269],
			"rotation": {
				"angle": 45,
				"axis": "z",
				"origin": [8, 8.70946, 17.93248]
			},
			"faces": {
				"east": {
					"uv": [12.4375, 13.4375, 14.0625, 14.3125],
					"rotation": 180,
					"texture": "#0"
				},
				"west": {
					"uv": [14.0625, 13.4375, 12.4375, 14.3125],
					"rotation": 180,
					"texture": "#0"
				}
			}
		},
		{
			"from": [-1.87161, 8.69173, 6.58107],
			"to": [5.22301, 8.70946, 21.47979],
			"rotation": {
				"angle": 22.5,
				"axis": "z",
				"origin": [8.35473, 8.70946, 20.06086]
			},
			"faces": {
				"up": {
					"uv": [12.4375, 13.4375, 14.0625, 14.3125],
					"rotation": 270,
					"texture": "#0"
				},
				"down": {
					"uv": [14.0625, 13.4375, 12.4375, 14.3125],
					"rotation": 270,
					"texture": "#0"
				}
			}
		},
		{
			"from": [8, -2.93581, 3.74322],
			"to": [8.01774, 5.57775, 20.77033],
			"rotation": {
				"angle": 22.5,
				"axis": "z",
				"origin": [8, 8.70946, 17.22301]
			},
			"faces": {
				"east": {
					"uv": [14.0625, 13.4375, 12.4375, 14.3125],
					"rotation": 180,
					"texture": "#0"
				},
				"west": {
					"uv": [12.4375, 13.4375, 14.0625, 14.3125],
					"rotation": 180,
					"texture": "#0"
				}
			}
		},
		{
			"from": [10.42225, 7.96453, 5.16215],
			"to": [18.93581, 8, 22.18925],
			"rotation": {
				"angle": 22.5,
				"axis": "z",
				"origin": [7.29054, 8, 18.64194]
			},
			"faces": {
				"up": {
					"uv": [14.0625, 13.4375, 12.4375, 14.3125],
					"rotation": 90,
					"texture": "#0"
				},
				"down": {
					"uv": [12.4375, 13.4375, 14.0625, 14.3125],
					"rotation": 90,
					"texture": "#0"
				}
			}
		},
		{
			"from": [8, -1.93248, 3.74322],
			"to": [8.01774, 6.58107, 20.77033],
			"rotation": {
				"angle": -22.5,
				"axis": "z",
				"origin": [8, 8.70946, 17.22301]
			},
			"faces": {
				"east": {
					"uv": [14.1875, 14.5, 12.5625, 15.375],
					"rotation": 180,
					"texture": "#0"
				},
				"west": {
					"uv": [12.5625, 14.5, 14.1875, 15.375],
					"rotation": 180,
					"texture": "#0"
				}
			}
		},
		{
			"from": [10.12839, 8.70946, 3.74322],
			"to": [18.64194, 8.74494, 20.77033],
			"rotation": {
				"angle": -22.5,
				"axis": "z",
				"origin": [8, 8.70946, 17.22301]
			},
			"faces": {
				"up": {
					"uv": [14.1875, 14.5, 12.5625, 15.375],
					"rotation": 90,
					"texture": "#0"
				},
				"down": {
					"uv": [12.5625, 14.5, 14.1875, 15.375],
					"rotation": 90,
					"texture": "#0"
				}
			}
		}
	]
}