{
	"textures": {
		"0": "minecraft:custom/lava_wave_v4"
	},
	"display": {
		"head": {
			"rotation": [0, 180, 0]
		}
	},
	"elements": [
		{
			"from": [-4, 5.6, -0.4],
			"to": [20, 20, 8],
			"faces": {
				"north": {
					"uv": [5.5, 4.375, 8, 5.875],
					"texture": "#0"
				},
				"east": {
					"uv": [5.5, 7.375, 6.375, 8.875],
					"texture": "#0"
				},
				"south": {
					"uv": [0, 5.75, 2.5, 7.25],
					"texture": "#0"
				},
				"west": {
					"uv": [0, 7.75, 0.875, 9.25],
					"texture": "#0"
				},
				"up": {
					"uv": [9, 3.125, 6.5, 2.25],
					"texture": "#0"
				},
				"down": {
					"uv": [9, 3.125, 6.5, 4],
					"texture": "#0"
				}
			}
		}
	]
}