{
	"textures": {
		"0": "minecraft:custom/lava_wave_v4"
	},
	"display": {
		"head": {
			"rotation": [0, 180, 0]
		}
	},
	"elements": [
		{
			"from": [-4, 3.63636, -2.90909],
			"to": [20, 8, 9.09091],
			"rotation": {
				"angle": 0,
				"axis": "y",
				"origin": [8, 5.81818, 8]
			},
			"faces": {
				"north": {
					"uv": [0, 7.25, 2.75, 7.75],
					"texture": "#0"
				},
				"east": {
					"uv": [0.875, 7.75, 2.25, 8.25],
					"texture": "#0"
				},
				"south": {
					"uv": [2.75, 7.375, 5.5, 7.875],
					"texture": "#0"
				},
				"west": {
					"uv": [2.25, 7.875, 3.625, 8.375],
					"texture": "#0"
				},
				"up": {
					"uv": [2.75, 5.75, 0, 4.375],
					"texture": "#0"
				},
				"down": {
					"uv": [5.5, 4.375, 2.75, 5.75],
					"texture": "#0"
				}
			}
		}
	]
}