{
	"textures": {
		"0": "minecraft:custom/lava_wave_v4"
	},
	"display": {
		"head": {
			"rotation": [0, 180, 0]
		}
	},
	"elements": [
		{
			"from": [-3.65714, 8, -8.45714],
			"to": [19.65714, 20.34286, 8],
			"faces": {
				"north": {
					"uv": [6.5, 0, 8.625, 1.125],
					"texture": "#0"
				},
				"east": {
					"uv": [6.75, 5.875, 8.25, 7],
					"texture": "#0"
				},
				"south": {
					"uv": [6.5, 1.125, 8.625, 2.25],
					"texture": "#0"
				},
				"west": {
					"uv": [6.75, 7, 8.25, 8.125],
					"texture": "#0"
				},
				"up": {
					"uv": [4.625, 7.25, 2.5, 5.75],
					"texture": "#0"
				},
				"down": {
					"uv": [6.75, 5.875, 4.625, 7.375],
					"texture": "#0"
				}
			}
		},
		{
			"from": [17.6, 7.31429, -8.45714],
			"to": [18.97143, 8, -8.45714],
			"faces": {
				"north": {
					"uv": [6.5, 1.0625, 6.625, 1.125],
					"texture": "#0"
				},
				"east": {
					"uv": [6.75, 5.875, 6.75, 6],
					"texture": "#0"
				},
				"south": {
					"uv": [6.5, 1.0625, 6.625, 1.125],
					"texture": "#0"
				},
				"west": {
					"uv": [6.75, 7, 6.75, 7.125],
					"texture": "#0"
				},
				"up": {
					"uv": [2.75, 5.75, 2.5, 5.75],
					"texture": "#0"
				},
				"down": {
					"uv": [4.875, 5.875, 4.625, 5.875],
					"texture": "#0"
				}
			}
		},
		{
			"from": [15.54286, 7.31429, -8.45714],
			"to": [16.91429, 8, -8.45714],
			"faces": {
				"north": {
					"uv": [6.5, 1.0625, 6.625, 1.125],
					"texture": "#0"
				},
				"east": {
					"uv": [6.75, 5.875, 6.75, 6],
					"texture": "#0"
				},
				"south": {
					"uv": [6.5, 1.0625, 6.625, 1.125],
					"texture": "#0"
				},
				"west": {
					"uv": [6.75, 7, 6.75, 7.125],
					"texture": "#0"
				},
				"up": {
					"uv": [2.75, 5.75, 2.5, 5.75],
					"texture": "#0"
				},
				"down": {
					"uv": [4.875, 5.875, 4.625, 5.875],
					"texture": "#0"
				}
			}
		},
		{
			"from": [13.48571, 7.31429, -8.45714],
			"to": [14.85714, 8, -8.45714],
			"faces": {
				"north": {
					"uv": [6.6875, 1.0625, 6.8125, 1.125],
					"texture": "#0"
				},
				"east": {
					"uv": [6.75, 5.875, 6.75, 6],
					"texture": "#0"
				},
				"south": {
					"uv": [6.6875, 1.0625, 6.8125, 1.125],
					"texture": "#0"
				},
				"west": {
					"uv": [6.75, 7, 6.75, 7.125],
					"texture": "#0"
				},
				"up": {
					"uv": [2.75, 5.75, 2.5, 5.75],
					"texture": "#0"
				},
				"down": {
					"uv": [4.875, 5.875, 4.625, 5.875],
					"texture": "#0"
				}
			}
		},
		{
			"from": [9.37143, 7.31429, -8.45714],
			"to": [10.74286, 8, -8.45714],
			"faces": {
				"north": {
					"uv": [6.5, 1.0625, 6.625, 1.125],
					"texture": "#0"
				},
				"east": {
					"uv": [6.75, 5.875, 6.75, 6],
					"texture": "#0"
				},
				"south": {
					"uv": [6.5, 1.0625, 6.625, 1.125],
					"texture": "#0"
				},
				"west": {
					"uv": [6.75, 7, 6.75, 7.125],
					"texture": "#0"
				},
				"up": {
					"uv": [2.75, 5.75, 2.5, 5.75],
					"texture": "#0"
				},
				"down": {
					"uv": [4.875, 5.875, 4.625, 5.875],
					"texture": "#0"
				}
			}
		},
		{
			"from": [14.85714, 7.31429, -8.45714],
			"to": [15.54286, 8, -8.45714],
			"faces": {
				"north": {
					"uv": [6.5, 1.0625, 6.5625, 1.125],
					"texture": "#0"
				},
				"east": {
					"uv": [6.75, 5.875, 6.75, 6],
					"texture": "#0"
				},
				"south": {
					"uv": [6.5, 1.0625, 6.5625, 1.125],
					"texture": "#0"
				},
				"west": {
					"uv": [6.75, 7, 6.75, 7.125],
					"texture": "#0"
				},
				"up": {
					"uv": [2.75, 5.75, 2.5, 5.75],
					"texture": "#0"
				},
				"down": {
					"uv": [4.875, 5.875, 4.625, 5.875],
					"texture": "#0"
				}
			}
		},
		{
			"from": [19.65714, 7.31429, -7.08571],
			"to": [19.65714, 8, -6.4],
			"rotation": {
				"angle": 0,
				"axis": "y",
				"origin": [19.65714, 7.31429, -8.45714]
			},
			"faces": {
				"north": {
					"uv": [6.75, 7, 6.75, 7.125],
					"texture": "#0"
				},
				"east": {
					"uv": [6.5, 1.0625, 6.5625, 1.125],
					"texture": "#0"
				},
				"south": {
					"uv": [6.75, 5.875, 6.75, 6],
					"texture": "#0"
				},
				"west": {
					"uv": [6.5, 1.0625, 6.5625, 1.125],
					"texture": "#0"
				},
				"up": {
					"uv": [2.75, 5.75, 2.5, 5.75],
					"rotation": 90,
					"texture": "#0"
				},
				"down": {
					"uv": [4.875, 5.875, 4.625, 5.875],
					"rotation": 270,
					"texture": "#0"
				}
			}
		},
		{
			"from": [-3.65714, 7.31429, -7.77143],
			"to": [-3.65714, 8, -6.4],
			"rotation": {
				"angle": 0,
				"axis": "y",
				"origin": [19.65714, 7.31429, -8.45714]
			},
			"faces": {
				"north": {
					"uv": [6.75, 7, 6.75, 7.125],
					"texture": "#0"
				},
				"east": {
					"uv": [6.75, 1.0625, 6.875, 1.125],
					"texture": "#0"
				},
				"south": {
					"uv": [6.75, 5.875, 6.75, 6],
					"texture": "#0"
				},
				"west": {
					"uv": [6.75, 1.0625, 6.875, 1.125],
					"texture": "#0"
				},
				"up": {
					"uv": [2.75, 5.75, 2.5, 5.75],
					"rotation": 90,
					"texture": "#0"
				},
				"down": {
					"uv": [4.875, 5.875, 4.625, 5.875],
					"rotation": 270,
					"texture": "#0"
				}
			}
		},
		{
			"from": [7.31429, 7.31429, -8.45714],
			"to": [8, 8, -8.45714],
			"faces": {
				"north": {
					"uv": [6.5, 1.0625, 6.5625, 1.125],
					"texture": "#0"
				},
				"east": {
					"uv": [6.75, 5.875, 6.75, 6],
					"texture": "#0"
				},
				"south": {
					"uv": [6.5, 1.0625, 6.5625, 1.125],
					"texture": "#0"
				},
				"west": {
					"uv": [6.75, 7, 6.75, 7.125],
					"texture": "#0"
				},
				"up": {
					"uv": [2.75, 5.75, 2.5, 5.75],
					"texture": "#0"
				},
				"down": {
					"uv": [4.875, 5.875, 4.625, 5.875],
					"texture": "#0"
				}
			}
		},
		{
			"from": [0.45714, 7.31429, -8.45714],
			"to": [1.14286, 8, -8.45714],
			"faces": {
				"north": {
					"uv": [6.5, 1.0625, 6.5625, 1.125],
					"texture": "#0"
				},
				"east": {
					"uv": [6.75, 5.875, 6.75, 6],
					"texture": "#0"
				},
				"south": {
					"uv": [6.5, 1.0625, 6.5625, 1.125],
					"texture": "#0"
				},
				"west": {
					"uv": [6.75, 7, 6.75, 7.125],
					"texture": "#0"
				},
				"up": {
					"uv": [2.75, 5.75, 2.5, 5.75],
					"texture": "#0"
				},
				"down": {
					"uv": [4.875, 5.875, 4.625, 5.875],
					"texture": "#0"
				}
			}
		},
		{
			"from": [-4.34286, 9.37143, -8.45714],
			"to": [-3.65714, 10.05714, -8.45714],
			"faces": {
				"north": {
					"uv": [6.5, 1.0625, 6.5625, 1.125],
					"texture": "#0"
				},
				"east": {
					"uv": [6.75, 5.875, 6.75, 6],
					"texture": "#0"
				},
				"south": {
					"uv": [6.5, 1.0625, 6.5625, 1.125],
					"texture": "#0"
				},
				"west": {
					"uv": [6.75, 7, 6.75, 7.125],
					"texture": "#0"
				},
				"up": {
					"uv": [2.75, 5.75, 2.5, 5.75],
					"texture": "#0"
				},
				"down": {
					"uv": [4.875, 5.875, 4.625, 5.875],
					"texture": "#0"
				}
			}
		},
		{
			"from": [4.57143, 7.31429, -8.45714],
			"to": [6.62857, 8, -8.45714],
			"faces": {
				"north": {
					"uv": [6.5, 1.0625, 6.6875, 1.125],
					"texture": "#0"
				},
				"east": {
					"uv": [6.75, 5.875, 6.75, 6],
					"texture": "#0"
				},
				"south": {
					"uv": [6.5, 1.0625, 6.6875, 1.125],
					"texture": "#0"
				},
				"west": {
					"uv": [6.75, 7, 6.75, 7.125],
					"texture": "#0"
				},
				"up": {
					"uv": [2.75, 5.75, 2.5, 5.75],
					"texture": "#0"
				},
				"down": {
					"uv": [4.875, 5.875, 4.625, 5.875],
					"texture": "#0"
				}
			}
		},
		{
			"from": [-2.97143, 7.31429, -8.45714],
			"to": [-0.91429, 8, -8.45714],
			"faces": {
				"north": {
					"uv": [6.5, 1.0625, 6.6875, 1.125],
					"texture": "#0"
				},
				"east": {
					"uv": [6.75, 5.875, 6.75, 6],
					"texture": "#0"
				},
				"south": {
					"uv": [6.5, 1.0625, 6.6875, 1.125],
					"texture": "#0"
				},
				"west": {
					"uv": [6.75, 7, 6.75, 7.125],
					"texture": "#0"
				},
				"up": {
					"uv": [2.75, 5.75, 2.5, 5.75],
					"texture": "#0"
				},
				"down": {
					"uv": [4.875, 5.875, 4.625, 5.875],
					"texture": "#0"
				}
			}
		},
		{
			"from": [19.65714, 20.34286, 8],
			"to": [-3.65714, 8, -8.45714],
			"faces": {
				"north": {
					"uv": [6.5, 2.25, 8.625, 1.125],
					"texture": "#0"
				},
				"east": {
					"uv": [6.75, 8.125, 8.25, 7],
					"texture": "#0"
				},
				"south": {
					"uv": [6.5, 1.125, 8.625, 0],
					"texture": "#0"
				},
				"west": {
					"uv": [6.75, 7, 8.25, 5.875],
					"texture": "#0"
				},
				"up": {
					"uv": [4.625, 5.875, 6.75, 7.375],
					"texture": "#0"
				},
				"down": {
					"uv": [2.5, 7.25, 4.625, 5.75],
					"texture": "#0"
				}
			}
		}
	]
}